ஈச்சை, 1
 ஒற்றைச்சொல்லுக்காக, 1
 மலர்சுற்றிக்கட்டி, 1
 மூங்கில்களில், 1
 தேசத்துக்கு, 1
 வெளிறி, 1
 குதிரைகள், 1
 நீர்த்தவளைகளும், 1
 வந்துகொண்டிருந்தன, 1
 படம், 1
 குடிகொண்டு, 1
 கட்டியிலிருந்து, 1
 செவிகளில், 1
 வடக்குநோக்கி, 1
 அதன்பொருட்டு, 1
 முப்பத்துமுக்கோடி, 1
 முதல்நாகம், 1
 போர், 1
 உலகத்தையே, 1
 மஹத், 1
 செய்தது, 5
 விளையாடலுக்கு, 1
 இமயமுகடுகள், 1
 நாகர்களே, 1
 நின்றது, 1
 ஆசனத்தில், 1
 காணிக்கையும், 1
 தன்குலத்து, 1
 காவல்மணியாகிய, 1
 தங்கினான், 1
 பச்சைத்தழைப்பு, 1
 யாதவமன்னன், 1
 நீக்கி, 1
 உடைத்து, 2
 தலைகள், 1
 பொன்னிறத், 1
 ஆளும், 1
 ஆதியன்னை, 2
 என்பது, 1
 கொண்டான், 1
 வேள்விப்பொருளாக, 1
 தெருக்களின், 1
 வெறி, 1
 வேகம், 1
 கொண்ட, 5
 விழுந்தபோது, 1
 மிகுந்த, 1
 முளைத்து, 1
 திரும்பிப்பாராமலேயே, 1
 பிதாமகரின், 1
 அகங்காரம், 2
 வாய்களுக்குள்ளும், 1
 இரவுகளில், 1
 மைந்தன், 3
 சிதறி, 1
 பெருமதில்வளைவை, 1
 தலைகளுடன், 1
 நாகமாக, 1
 ஏரிக்குள், 1
 செய்தி, 1
 வீட்டின், 1
 உணர்ச்சியிலிருந்தே, 1
 முடிக்கும்படி, 1
 மின்மினி, 1
 மேகக்குமிழ்போல, 1
 அவர்களிலிருந்து, 1
 ஐந்துலட்சம், 1
 சிற்பிகளைக்கொண்டு, 1
 கதையின், 1
 சர்பசத்ரவேள்விப்பந்தலில், 1
 இடத்தை, 1
 எஞ்சிய, 2
 விந்துச்சொட்டுகள், 1
 அட்சதை, 1
 சாலைக்குள், 1
 கண்டுகொண்டார், 1
 சித்தத்தை, 1
 நெடுந்தவ, 1
 அறிந்தேன், 1
 அவனைக்காணாமல், 1
 உலகத்தின், 1
 படகில், 1
 வலப்பக்கம், 2
 எரிந்தது, 1
 வழிசொன்னார், 1
 வளையை, 1
 இரவும், 2
 நில்லுங்கள், 1
 மாத்ரதேசத்தில், 1
 கற்பனையில், 1
 எஞ்சியிருக்கும், 1
 தலைவியான, 1
 மாலைக்குள், 1
 திமிறி, 1
 சபிப்பதற்காக, 1
 காவியமில்லை, 1
 வடித்தான், 1
 அவைக்குக், 1
 ஆசியளித்திருக்கவேண்டும், 1
 பாடினார், 1
 படம்விரித்தன, 1
 அரியணை, 1
 அவியிடப்பட்டன, 1
 எடுத்துவைத்துக்கட்டி, 1
 மறுபக்கம், 1
 வேதகோஷம், 1
 ஏதாவது, 1
 உணவாக்கி, 1
 தொலைதூர, 1
 ஆயுதங்கள், 1
 வியாசர், 17
 கண்ணிலிருந்து, 1
 இறக்கிவைத்தான், 1
 உள்கோட்டை, 1
 தங்கியிருந்தனர், 1
 பூட்டப்பட்ட, 1
 வானில், 1
 அச்சம், 1
 குலதெய்வங்களான, 1
 மொழியறியும், 1
 வங்கத்திலும், 1
 ஒன்றில், 1
 தலையை, 1
 நால்வர், 1
 இடமும், 1
 கருவுற்றிருப்பதைச், 1
 வரைபடத்தின், 1
 மிருகங்களில், 1
 தோற்றுவிடுவார்கள், 1
 தேடிவந்து, 1
 அவியளித்து, 1
 ஆசீர்வதித்தார், 1
 பின்னி, 1
 பகுதியை, 1
 விதியைச், 1
 கூவினான், 1
 அரசனான, 1
 பிணைக்கும், 1
 ஓவியத்திரைச்சீலை, 1
 மணியும், 1
 நான்குமாதங்கள், 1
 அதிர்ச்சியுடன், 1
 பைலரின், 1
 பரசுராமன், 1
 அதைச், 1
 நெருப்பாறாக, 1
 வேதவிதிகளுக்கான, 1
 எழுப்பும், 1
 உத்தங்கர், 6
 காவியத்தின், 2
 வரவில்லையே, 1
 எஞ்சவில்லை, 1
 பதில், 1
 நெடுமூச்சுகள், 1
 கரிய, 2
 அலைக்கழித்தன, 1
 இறந்துபோனாள், 1
 உண்டா, 1
 நிகரற்ற, 1
 கண்களற்றது, 1
 இப்பூமி, 1
 முடிவடையக்கூடாது, 1
 பேசாநெறி, 1
 வரலாற்றையும், 1
 என்றான், 10
 ஏந்திய, 1
 தலைமேல், 1
 நடுங்கிக்கொண்டிருப்பதைக், 1
 சிக்கல்களேதும், 1
 மூச்சொலிகள், 1
 வானத்தில், 1
 சொடுக்கவும், 1
 அகம், 2
 இறக்கினான், 1
 துளியிருள், 1
 இருந்தே, 1
 ஊன்றி, 1
 தீயில், 2
 கூப்பியபடி, 1
 புணர்ந்து, 1
 மஞ்சளாக, 1
 திராவிடத்திலும், 1
 முடிந்தாகவேண்டும் கட்டிவாருங்கள், 1
 நிறைத்து, 1
 ஜரத்காரு, 3
 மருந்துகளும், 1
 மாபெரும், 2
 போன்ற, 3
 ஆஸ்திகன், 16
 கடும்குளிர், 1
 கண்களும், 1
 சற்றே, 1
 நடந்தபோது, 1
 மனிதகுலத்தின், 2
 விலகிப்படுத்துக்கொண்டாள், 1
 பெரிய, 5
 கரியகாடொன்றின், 1
 செறிந்து, 1
 நிகழக்கூடாது, 1
 அந்தத், 1
 நிழலைக்காணும்படி, 1
 மட்டுமே, 5
 ஆற்றில், 1
 பின்னாலும், 1
 உஜ்ஜாலகத்தில், 1
 அமைச்சர்களும், 1
 இவ்வுலகத்தின், 1
 நெருப்பில், 1
 பிழையா, 1
 சிமிழ், 1
 வணங்கிவிட்டு, 1
 இணைக்கப்பட்டிருந்தன, 1
 தாடியாகவும், 1
 சிறிய, 3
 நாகர்களின், 1
 வானவரும், 1
 பாம்புகள், 2
 அறிமுகம், 1
 சோதனைகளேதுமில்லை, 1
 குணம், 1
 வளர்ந்த, 1
 துள்ளித்துள்ளி, 1
 மனைவி, 1
 இன்பமும், 1
 வடதிசை, 1
 காலை, 1
 போட்டுவிட்டு, 1
 பெற்றிருக்கிறான், 1
 வேள்விச்சாலையைத், 1
 உருட்டிக்கொண்டிருந்தான், 1
 பாரதவர்ஷத்தின், 3
 இம்மண்ணில், 1
 குளிர்கொண்டவன், 1
 இல்லை அது, 1
 ஒருபோதும், 3
 தளிரோலைகளாலும், 1
 பெண்களுக்கான, 1
 மலைகள், 1
 அந்தச்சிறுநாயில், 1
 யுகங்களுக்குப்பின்னால், 1
 பிறந்தது, 1
 வருடி, 1
 அதனுள், 1
 ஓவியம், 1
 செம்மண், 1
 பங்குபெற்ற, 1
 தலைப்பாகைகள், 2
 செந்நிறக், 1
 உபஹோதாக்கள், 1
 கல்வி, 1
 திமிங்கிலம்போல, 1
 அத்திமரத்திலே, 1
 அலங்கரித்தனர், 1
 ஏனென்றால், 3
 அகத்திலும், 1
 நீங்கள், 9
 முளைத்தெழக்கூடியவை, 1
 வாழ்நாள், 1
 மீண்டுவந்தான், 1
 மன்னனின், 1
 ஒளியெனில், 1
 விந்தியமும், 1
 தெரிந்த, 1
 நிறுத்த, 1
 கைகூப்பினார், 1
 இல்லாமல், 1
 நீலத்தழல்பீடம், 1
 இமையா, 1
 தொங்கவிடப்பட்ட, 1
 படும், 1
 பாதாளத்துக்கான, 1
 அன்றுஆடிமாதம், 1
 குருதி, 1
 ஒளி, 2
 நாயின், 2
 நீந்துபவையுமான, 1
 நீண்ட, 3
 மகிழ்விக்கப்பட்டனர், 1
 இருட்டை, 2
 மனிதகுலத்தில், 1
 சந்திரனாகவும், 1
 இறங்கிய, 1
 சிறுச்செந்நிற, 1
 திறந்தது, 1
 முதல்மழையின், 1
 வயதிருக்கையில், 1
 கனவுகண்டார்கள், 1
 நதிக்கரை, 1
 ஜனமேஜயா, 1
 பெருகிக்கொண்டிருக்கும், 1
 தட்சனின், 1
 கற்பனையா, 1
 வெளிப்படும், 1
 ஆரங்களிலும், 1
 மீளமுடியாத, 1
 சூடி, 1
 ஊனுணவை, 1
 அமர்ந்தார், 1
 மணல்வெளியின், 1
 தாவுபவையும், 1
 சிறகுகளால், 1
 செண்பகத்தின், 1
 நரம்புகள், 1
 வைதிகன், 1
 ஒவ்வொருவரின், 1
 காக்கைகளும், 1
 அரண்மனையெங்கும், 1
 கிருஷ்ணையும், 1
 மொத்தத், 1
 வயது, 1
 இறையெனில், 1
 உணர்ந்தபின், 1
 அமைச்சர், 1
 கட்டிய, 1
 அழைத்த, 1
 உள்ளே, 5
 அலங்கரித்துக்கொண்ட, 1
 பலகட்டங்களாக, 1
 பெரிதுபடுத்த, 1
 சுற்றிலுமிருந்த, 1
 சிகையில், 1
 திகைத்தனர், 1
 விழுந்து, 2
 தூளியில், 1
 நாளிலேயே, 1
 சுவைக்கும், 1
 கீழே, 2
 கிருஷ்ணை, 1
 பட்டில், 1
 வழியனுப்பிவைத்தனர், 1
 ஆள்பவன், 3
 இதுவரை, 1
 எந்தக், 1
 ஒருவனே, 1
 இயற்றப்பட்டிருந்த, 1
 வேள்விச்சாலை, 1
 தங்க, 1
 தாங்களே, 1
 தாண்டி, 1
 குருதியை, 1
 ஆகுதியாக, 1
 தேங்கி, 1
 பலியுணவையும், 1
 பிறவற்றை, 1
 இறுகியபின், 1
 கிழிக்கப்போகிறேன், 1
 இமையாத, 1
 அந்தப்பேரொலியில், 1
 கொண்டுவா, 1
 சூக்தங்கள், 1
 பகலும், 2
 ஓடைநீரை, 1
 அசையப்போவதில்லை, 1
 எங்களுக்கு, 1
 அதற்குப்பொருள், 1
 சுற்றிவளைத்திருக்க, 1
 ஆகியது, 1
 நோக்கி, 6
 புழுதி, 1
 பைலர், 3
 கிழக்கு, 1
 பார்த்துக்கிடந்த, 1
 மூடிவிட்டுச், 1
 பீடத்தில், 2
 வேள்விகளால், 1
 சிறு, 1
 வியாசவனத்தைத், 1
 தடதடக்க, 1
 மாமன்னன், 1
 வளைந்து, 3
 வற்றி, 1
 உனக்கான, 1
 ஆசியளிக்கக், 1
 ஊழ்கமாகி, 1
 கிராமங்களில், 1
 கோயில்மண்டபங்களிலும், 1
 வேட்டையில், 1
 எளியவையும், 1
 கொண்டன, 1
 வேள்விச்சாலையின், 1
 கவந்த, 1
 போதும், 1
 குழந்தையை, 3
 கூவியபடி, 1
 வருடிவிட்டு, 1
 அவரை, 7
 தங்களுக்கு, 1
 என்னைத், 1
 பின்பக்கத்தில், 1
 தம்பியரான, 1
 நெளிந்த, 1
 ஆண்டுகளாக, 1
 ஓங்கிக், 1
 நாய்க்குட்டி, 2
 பாம்பும், 2
 இல்லையாஎன்றார், 1
 திறந்துகிடந்த, 1
 வாழ்க்கையை, 2
 குறிகள், 1
 தலைமுறையைச்சேர்ந்த, 1
 மகனே, 1
 ஆக்கிவிடுவீர்கள், 1
 நின்றன, 1
 தலைமுறையெல்லாம், 1
 திறந்தான், 1
 மென்மயிர்பரவிய, 1
 திரண்டு, 1
 மீட்டு, 1
 முதற்பெரும், 1
 விளையாட, 1
 தேங்கிய, 1
 திறந்த, 1
 வளர்கையில், 1
 குலத்தை, 2
 கோபுரங்கள், 1
 விழியிழந்த, 1
 தண்டனையை, 1
 மரக்கிளைகள், 1
 மூவரும், 1
 குடிமக்களின், 1
 சற்றுநேரத்தில், 1
 அவர்களில், 1
 இதற்காகத்தான், 1
 ஓடையைத், 1
 வாசுகியின், 1
 உயிர்வெறியுடன், 1
 விளையும், 1
 இரண்டாக, 1
 பெண்ணுக்கும், 1
 கரியநிறமான, 1
 பொழியப்பட்டன, 1
 குருவம்ச, 1
 கைகளில், 1
 துவர்ப்பும், 1
 குலம், 1
 அச்சத்தையும், 1
 அந்தச், 2
 சரி நான், 1
 ஆனந்தமாகச், 1
 மானிறைச்சியை, 1
 இன்னொரு, 1
 மெதுவாக, 1
 சொல்லவருகையில், 1
 மைந்தரான, 1
 கணத்தில், 1
 காவியத்தைப், 1
 சக்ரவர்த்தி இந்திரன், 1
 வேலுடன், 1
 கோரி, 1
 துவைபாயன, 2
 எழுவதன், 1
 வேள்விமுகம், 1
 அதுவரையிலான, 1
 நீராடி, 1
 சுடர்விட்டுக்கொண்டிருந்தது, 1
 அதுவன்றி, 1
 தெற்கும், 1
 மந்திரங்களை, 1
 திசைத்தேவர்களும், 1
 முடிவதற்கு, 1
 விரித்து, 3
 காப்பாற்றவேண்டுமெனக், 1
 நிறைவேறவிருக்கிறது, 1
 வேள்விக்குளத்தில், 1
 உத்தங்கரின், 1
 தோன்றும், 1
 சேர்ந்தார், 1
 கண்கள், 4
 பூமியுடன், 1
 வழியாக, 4
 எண்ணமெனும், 1
 அகழிக்குள், 1
 செறிந்த, 1
 தூரம், 1
 தேமல்கள், 1
 என்னால், 1
 வெளியிலும், 1
 மூடி, 2
 பனிமுடிகள், 1
 புன்னகை, 1
 மரத்தில், 1
 முளைத்தெழவில்லை, 1
 விரிந்துகிடந்தார்கள், 1
 பின்பு, 3
 சுருதசேனனும், 1
 குருகுலத்தவர், 1
 உடல், 4
 கனவும், 1
 தவம்செய்துகொண்டிருந்த, 1
 தோன்றி, 1
 மாயையில், 1
 ஒருங்கிணைத்தார், 1
 தீமையே, 1
 மண்ணிலிறங்கிய, 1
 மெல்லத்தீண்ட, 1
 அணைத்து, 1
 மாணவன், 1
 பாதையில், 1
 இருக்கிறேன், 2
 வாலாகவும், 1
 தவமொன்றில், 1
 எழுந்தருளியது, 1
 சேரும்போது, 1
 பழியால், 1
 முட்டையை, 1
 வீசிய, 1
 மோதிச், 1
 வறுத்த, 1
 வந்திருந்த, 1
 தட்சிணையாகக், 1
 ஒட்டி, 1
 சேவகர்கள், 1
 மண்படிந்த, 1
 அசைந்தன, 1
 எழுந்தருள்கிறார், 1
 அவள்தான், 1
 முரணானது, 1
 இளம்கணவன், 1
 பாம்புகளையும், 1
 கூடிய, 1
 வந்துகிடந்த, 1
 தயங்கும், 1
 பெண்கள், 1
 வறண்டு, 1
 இரு, 5
 முனிகுமாரர்களாக, 1
 உருவம், 1
 காத்திருக்கிறது, 1
 கடனைச், 1
 ஏழும், 1
 சப்பியபடி, 1
 விழிகளை, 1
 ஒற்றைச்சொல்லால், 1
 விழாக்கொண்டாடிய, 1
 தேவருலகுக்கே, 1
 ஆஸ்திகன் நான், 1
 கவிஜாதன், 9
 காவல், 2
 மீன்கள், 2
 பிளவற்ற, 1
 பெயருண்டு, 1
 கிருஷ்ணையின், 1
 அந்தக்குட்டி, 1
 சொல்லாததைக், 1
 ஜகல்கௌரி, 1
 பிறந்திருக்கும், 1
 பெண்களும், 1
 மறைந்தது, 1
 நினைத்தேன், 2
 அவற்றை, 2
 மானுடவாழ்க்கையின், 1
 குழிந்து, 1
 சுள்ளி, 1
 சேவகர்களிடம், 1
 கல்லுடல், 1
 ஆரம்பித்தான், 1
 பசும்கிளைகளை, 1
 உயிருடனிருக்கையிலேயே, 1
 என்னிடமிருந்து, 1
 முலைக்கண், 1
 இறுதிநாள், 2
 ஏட்டுப்பிரதியை, 1
 உள்ளறையின், 1
 கழுதைப்புலிகளும், 1
 உடலும், 2
 ஏற்காமல், 1
 நமது, 1
 தேசங்களிலிருந்தும், 1
 தேடிவந்த, 1
 இழந்து, 1
 பரீட்சித்தை, 2
 எஞ்சியிருந்த, 1
 அதைக்கண்டு, 1
 அங்கமும், 1
 அறமும், 1
 வாழ்த்தினான், 1
 மென்மையான, 1
 உடலின், 1
 நோக்கிச்சென்றான், 1
 செவிலி, 1
 உணர்ந்தபின்பு, 1
 ஆவேன், 1
 மனித, 1
 யாழ்களுடன், 1
 வெகுதொலைவில், 1
 நிறுத்திவிட்டு, 1
 எதையோ, 1
 களத்தில், 2
 தும்பிக்கை, 1
 இதில், 1
 வேதக்குரலெழுப்ப, 1
 சமுத்திரத்தின், 1
 முடிவுற்ற, 1
 அழிக்கப்பார்த்தாள், 1
 சமரமுனிவர், 1
 இருளில், 1
 சொற்களை, 1
 வழிசெய்வதே, 1
 தரப்படவில்லை, 1
 இச்சையாகவும், 1
 இந்திரன், 1
 இமையத்தின், 2
 கருமையாகவும், 1
 கட்டப்பட்டு, 1
 கத்ருதேவியிடம், 1
 சிக்கியும், 1
 கருநாகம், 1
 நாற்பதுநாட்களுக்கு, 1
 அறிந்தது, 4
 ஆகியவற்றில், 1
 இனியவர், 1
 வந்திராத, 1
 விழுதுவிட்டிருந்த, 1
 உயரமான, 1
 சக்தியை, 1
 இயல்பான, 1
 இறங்கினர், 1
 மயங்கி, 1
 விழுதையும், 1
 தழைத்து, 1
 அனுபவித்தாகவேண்டும், 1
 ஒற்றைக்கொம்புள்ள, 1
 நாகத்தின், 2
 தன்னைக், 1
 தொடங்கவிருந்த, 1
 கடிவாளமும், 1
 கிருஷ்ணன், 2
 ஆடுகிறாயா, 1
 தாண்டிஉத்தங்கரின், 1
 நாகங்களே, 1
 நூறுநூறாயிரம், 1
 முட்கள், 1
 வாழ்கிறேன் அதற்காக, 1
 விதியின், 4
 அடைந்தான், 1
 ஏழு, 3
 சென்றுவிட்டார், 1
 பரீட்சித்துக்கு, 1
 தனிமையை, 1
 முகங்களும், 1
 சாபத்தை, 1
 விளையாடினர், 1
 அரசகுலத்தவர், 1
 குவிந்த, 1
 தோல்கிழிந்த, 1
 குகைவாயிலுக்குச், 1
 அவருக்கு, 1
 வனத்தில், 1
 குருஷேத்ரக், 1
 விண்ணிலும், 3
 கற்றார், 1
 நுழைந்தபோது, 2
 நோக்கம், 2
 காற்றில், 1
 சந்திரர்களுமாக, 1
 சென்றது, 3
 நினைத்தான், 1
 உயிர்தரிக்கவில்லை, 1
 மாயையால், 2
 மனிதர்களுக்கு, 1
 மன்னனானபோது, 1
 குடியிருக்கிறது, 1
 மண்ணுக்கிறங்கியது, 1
 மணிமுடியை, 1
 ஓங்கியறைந்தான், 1
 வெளியே, 3
 அவியாக்கப்பட்டன, 2
 இருக்கும், 1
 குரங்குமுகத்தில், 1
 நிலை, 1
 கனிவுடன், 1
 பன்றியின், 1
 உன்னுள், 1
 நீளம்கொண்ட, 1
 அமர்ந்துகொண்டார், 2
 பச்சோந்திக்கால்கள், 1
 வர, 1
 அனைத்தும், 4
 விண்ணிலிருந்தும், 1
 அரியவையுமான, 1
 ஆகுக, 3
 சொட்டும், 1
 அஸ்தினபுரியை, 1
 வெண்கலையணிந்த, 1
 உடைமைகளனைத்தையும், 1
 அழைத்தனர், 1
 செங்கோலைக்கொண்டுவந்து, 1
 சொல்லில், 1
 ஆணையிட்டார், 1
 உணர்ந்தான், 1
 ஒளிவிடும், 1
 புதைகுழியிலிருந்து, 1
 பொழிந்துகொண்டிருக்க, 1
 ஆஸ்திகரே, 2
 மாயைகள், 1
 நன்றிசொல்லி, 1
 சொல்லேயாகும், 1
 கதைகளின், 1
 செம்பட்டுப்பீடத்தில், 1
 பொருட்களையும், 1
 தேவை, 1
 இந்தவேள்வியை, 1
 நாள், 5
 கழித்த, 1
 பொன்னணிகளாலும், 1
 உணர்ந்தது, 1
 கையில், 3
 வெற்றியின், 1
 அக்கினிக்கு, 1
 ஊகித்துக்கொண்டு, 1
 பெருகி, 1
 மகளாகிய, 1
 ஈடுபாடுகொண்டவனாக, 1
 அசைவை, 1
 காட்டை, 1
 கால்களை, 2
 மலர்களும், 2
 காவலாக, 1
 தானும், 1
 அமைவதாக, 1
 நிறைத்திருந்தது, 1
 புற்றை, 1
 உறுதியான, 1
 தட்டி, 1
 எரியும்போது, 1
 பிறந்தன, 3
 பொறாமையும், 1
 முழுமையாகி, 1
 சாமரவாலைச், 1
 மனிதர்களுக்குள், 1
 விழைந்தேன், 1
 வைசம்பாயன, 1
 தூக்கி, 3
 வெண்மை, 1
 நகரமெங்கும், 1
 கைகளிலும், 1
 உண்டாட்டு, 1
 மரப்பட்டைநார், 1
 கண்ணயர்ந்துவிட்டேன், 1
 மனமுடைந்து, 1
 திரட்டி, 1
 உடலிலும், 1
 பார்த்துக்கொண்டு, 1
 மழையிலும், 1
 பன்னிரண்டாகவோ, 1
 விதைகளை, 1
 அரங்கிலிருந்த, 1
 அளிக்கப்பட்டிருக்கின்றன, 1
 பாடின, 1
 உங்களுக்காக, 1
 துருவேறிய, 1
 அவை, 6
 ஒலித்தது, 1
 காடாகத், 1
 கொடுத்தான், 1
 சிறுகால்களை, 1
 எதிர்பார்த்திருந்தது, 1
 பச்சைப்பாம்பொன்றைப், 1
 காலத்தில், 1
 விதை, 1
 மாமுனிவரே என்ன, 1
 அந்தக்கணத்திலிருந்து, 1
 கைவிரல்களெல்லாம், 1
 செந்தழல், 1
 மகாபிரஸ்தானம், 1
 ஜனமேஜய, 3
 ஐயம், 1
 ஆழத்துக்கு, 1
 தங்கவைத்து, 1
 ஓடின, 1
 உடையும், 1
 ஏழாக, 1
 நீட்டி, 2
 நுழைந்ததும், 1
 வந்துகொண்டிருந்தது, 1
 முறைப்படி, 1
 நூல்களையெல்லாம், 1
 புதைந்திருந்தன, 1
 கலைவனத்தையும், 1
 வாழ்நாளெல்லாம், 1
 பெருங்காவியத்தின், 2
 வரமாகவே, 1
 தலைக்கோலை, 2
 அதிர்ந்தான், 1
 மாகதமும், 1
 வழியாகவும், 1
 ஏதேதோ, 1
 வானத்திலிருந்த, 1
 தவித்தபடி, 1
 பிராமணரிஷியின், 1
 வைதிகர், 1
 வாழ்ந்ததற்கே, 1
 கேட்டதும், 1
 ஒருகாலத்தில், 1
 அளவுக்கு, 1
 நாசியும், 1
 உடலில், 1
 செல்வம், 1
 கொண்டுசெல்ல, 1
 தான், 1
 மயானத்தில், 1
 கருமை, 1
 அவியாக, 2
 நெளித்து, 1
 மோகத்தையும், 1
 தொடக்கம், 1
 அசைவுகள், 1
 தூண்போலக், 1
 ஒன்றுடன், 2
 சிலகணங்கள், 1
 தருணம், 2
 நாகபாகினி, 1
 பறந்து, 1
 செல்ல, 2
 வாசனையை, 1
 வேள்விக்கு, 1
 தொட்டு, 1
 மதகரியின், 1
 ஐந்துமாதங்களாக, 1
 தவறை, 1
 மதகளிறு, 1
 வருக, 1
 யானையின், 1
 வேள்விப்பீடத்தில், 1
 அழிந்தால்கூட, 1
 அடைந்திருக்கவேண்டும், 1
 காவலர்கள் , 1
 இவ்வாறு, 1
 கையளித்துவிட்டு, 1
 சொல்லி, 1
 தன்னிலிருந்து, 1
 நடக்கிறதென்பதே, 1
 பாரதத்தில், 1
 வாழ்த்த, 1
 வைசம்பாயனரே இன்னும், 1
 வேதபண்டிதர்களின், 1
 உருவங்களை, 1
 இருக்காது , 2
 எடுத்துக்கொண்டு, 1
 வா, 1
 பீமசேனரும், 1
 வேள்விநெருப்புக்குரிய, 1
 விரும்பினார்கள், 1
 அகல்விளக்கை, 1
 விரிவதன், 1
 காதலின், 1
 இனிய, 1
 மெலிந்த, 1
 எரிய, 1
 காற்றை, 1
 அதே, 1
 நாடே, 1
 சுடர்விடும், 1
 முற்றத்தைத், 1
 ஓவியத்திரையை, 1
 இங்கே, 5
 மாமன்னனையும், 1
 காத்திருந்து, 1
 வீரகுடி, 1
 உடன்கட்டை, 1
 கைகூப்பி, 3
 மடியின், 1
 அதிலொரு, 1
 கேட்டுக்கொண்டது, 1
 நல்வினைகளையும், 1
 பிரிந்த, 1
 கட்டப்பட்டிருந்தன, 1
 சென்றனர், 2
 அறியப்படலாயிற்று, 1
 திரும்பிச்சென்று, 1
 முற்றிலுமறிவதற்காக, 1
 பெரிதாகின்றன, 1
 மீதி, 1
 பாதை, 5
 பணிவால், 1
 பார்த்திராத, 1
 பாம்புகளால், 1
 ஞானம், 1
 பொசுங்கி, 1
 மாட்டோம், 2
 நாடெங்கும், 1
 வாசனையாக, 1
 வியாசவனத்தில், 3
 ஏதோ, 1
 வேள்விசெய்து, 1
 கமண்டலத்தில், 1
 அந்த, 15
 தெரிய, 1
 குடில், 1
 தசை, 1
 மழை, 1
 மானசாதேவி, 9
 போகிறான், 1
 இளவெயிலில், 1
 கொடுத்த, 1
 வேள்விக்குளத்துக்குள், 1
 அவர்களின், 3
 கொள்கிறேன், 1
 விரியத், 1
 பத்மபாதரும், 2
 வேட்டைக்குச், 1
 உருட்டி, 1
 வம்சத்தில், 1
 இல்லை சூதில், 1
 நிறைந்திருந்தன, 1
 துவாரகையில், 1
 நிறைத்துவிடவேண்டுமென, 1
 முறை, 1
 தூங்கிக்கொண்டிருந்ததைக், 1
 குருகுலமன்னர்களை, 1
 அமைதிசெய்யும், 1
 பல்லியமும், 1
 வாத்தியங்கள், 1
 அவைமேடை, 1
 இல்லையேல், 1
 கிருஷ்ணதுவைபாயன, 1
 சர்ப்பசாந்தி, 1
 கூடியது, 1
 பட்டாடையைப்போட்டு, 1
 கண்டடைந்தார், 1
 செவ்வொளிக்கு, 1
 அதைத், 2
 எனக்குத்தேவையில்லை, 1
 கண்முன், 1
 ஓடிச், 1
 பிளவுண்ட, 1
 மதலைகளைப், 1
 சோதிக்க, 1
 தசைகளுடன், 1
 புகுந்த, 1
 வைத்தனர், 1
 களத்துக்குச், 1
 வயிற்றை, 1
 அஸிக்னிக்கும், 1
 பார்த்தான், 2
 மடலைக், 1
 நலமும், 1
 பிரம்மத்தின், 1
 கதவின், 1
 அச்சொல்லைத்தேடி, 1
 திரண்டெழுந்த, 1
 பார்த்துவிட்டு, 1
 விலகினார்கள், 1
 சடலங்கள்மீதும், 1
 சமரரே, 1
 எண்ணங்களை, 1
 முற்றம், 1
 மெல்லிய, 3
 வெண்பந்தலாகத், 1
 மடிந்தான், 1
 எண்ணி, 1
 நாகங்களைக், 1
 அப்போதுதான், 3
 கொண்டுவந்து, 1
 கோரினான், 1
 அத்திசையை, 1
 முனிவரைக், 1
 நுழைந்தான், 1
 எழுப்பி, 1
 புகுந்துகொண்டது, 1
 வல்லமையே, 1
 கதை, 1
 படுகளம், 1
 இல்லை, 5
 வயதுவரை, 1
 பார்த்துக்கொண்டிருந்தான், 1
 காமமும், 2
 அடையப்போகும், 1
 தூயவர்களானோம், 1
 நோக்கிச், 1
 ஒருநாள், 2
 வாயில்களேதும், 1
 அப்போது, 2
 மலர்மழையில், 1
 அடக்கம், 1
 காலம், 1
 வடக்குமலைகளில், 1
 மச்சகந்தி, 1
 மூத்தவர்கள், 1
 வியாசவனத்துக்குள், 1
 கசப்பும், 1
 ஆரம்பித்தன, 1
 சொற்களாக, 1
 தூங்கும்போது, 1
 படைதிரட்டி, 1
 அலைந்து, 1
 ஒலித்தாகவேண்டும், 1
 இருந்தன, 2
 பர்வங்களாக, 1
 வசிஷ்டன், 1
 எந்த, 1
 இறந்தகாலத்தையே, 1
 வாழ்வதற்காக, 1
 எழுந்து, 12
 கண்களால், 1
 தன், 22
 பிதாமகரே, 1
 கை, 2
 நீரோடும், 1
 வேள்விகள், 1
 யமுனையை, 1
 ஆணையை, 1
 அதுமட்டுமேயாகி, 1
 நலன்களும், 1
 மூங்கில்தூண்கள், 1
 எளியதல்ல, 1
 உடலெங்கும், 1
 குடல்போல, 1
 கரையில், 1
 செய்ததன், 1
 அனைத்தையும், 3
 தர்ப்பைப்பரப்பு, 1
 பார்த்திருந்தாள், 1
 மணம்செய்து, 1
 வகுத்த, 1
 குருதியில், 1
 பிறந்ததற்கான, 1
 சென்றேன், 1
 கடிபடும், 1
 தலைகுலுக்கி, 1
 குழந்தைகளை, 1
 வந்தபோது, 1
 பாம்புகளாகியது, 1
 அர்ப்பணம், 1
 வெளிவந்து, 1
 சேர்ந்தவர், 1
 போல், 1
 அன்னமும், 1
 தமோ, 2
 வண்ண, 2
 நோன்புணவுக்காக, 1
 புழுதிபடிய, 1
 யுயுத்சுவிடம், 1
 செங்கோலைத், 1
 மலைத்தேனை, 1
 அரசநாகமான, 1
 வாய்திறந்து, 1
 அஸ்தினபுரத்துக்குள், 1
 மின்னிக்கொண்டிருந்தன, 1
 நாகர்குல, 1
 மூன்று, 3
 கண்டனர், 3
 உயிர்த்தெழச், 1
 கிருஷ்ண, 3
 கோரைப்புல்பாய்களாலும், 1
 பாதாளநாகம், 1
 வழிவந்த, 1
 போர்வையை, 1
 மரணத்தை, 1
 முப்பதாண்டுகளாக, 1
 கல்விழிகளால், 1
 மண்டைஓடு, 1
 நெருப்புக்கு, 1
 கிருஷ்ணபக்\u200cஷம், 1
 மனங்களில், 1
 சொன்னபின்பு, 1
 குருஷேத்திரத்தை, 1
 மாதுளம்பழமொன்றை, 1
 ரதத்தின், 2
 அமர்ந்துகொண்டதும், 1
 சோதனையாலேயே, 1
 ஒவ்வொரு, 9
 அதிகாலையில், 1
 நீலநிறமான, 1
 காணிக்கையாகக், 1
 பொன்னிறக்கொடி, 1
 கால்களால், 1
 காதலனைத்தையும், 1
 இனிமேல், 3
 எங்கும், 1
 கிழித்து, 1
 பூதயாகங்களை, 1
 தலைமயிராகவும், 1
 ஒன்றைத், 1
 சாரதி, 1
 கொடுங்கள், 1
 காடுகளின், 1
 சிறையிட்டாலும், 1
 பறந்துச், 1
 அகத்திலிருந்த, 1
 நம்பிக்கைத்துரோகம் , 1
 பீமசேனன், 1
 நல்லூழ்கள், 1
 நடுவே, 3
 செய்யவேண்டுமென்று, 1
 பசியடங்கின, 1
 கடித்துக்கொண்டு, 1
 மாணவர், 1
 நீரை, 1
 தோன்றின, 1
 கடந்து, 2
 தோள்களில், 1
 ஜைமினியும், 6
 திரட்டுவோம், 1
 பாரதவர்ஷமெங்கும், 1
 ஆரம்பித்தனர், 1
 அழிவற்றதாக, 1
 வேள்விக், 1
 இச்சைகளையும், 1
 வேள்விக்கூடமெங்கும், 1
 கோரினாள், 1
 அறியாதிருக்க, 1
 தூக்கமின்றி, 1
 குருகுலத்தைச், 1
 முனிவர்களே, 1
 தவிப்பையும், 1
 அவ்வளவு, 1
 தொலைவுவரை, 1
 அந்தப்புரத்தின், 1
 எனக்குத், 1
 ஏதேனும், 1
 கடமை, 1
 குரலில், 3
 சிப்பிக்குள், 1
 இருந்த, 5
 எழுதினார், 1
 உடலுக்குள்ளே, 1
 வைதிகர்களே, 2
 பெயர், 5
 முனிவர்களாலும், 1
 முகத்தைக்கொண்ட, 1
 அண்டமுடியாது, 1
 ஒன்றை, 2
 உதடுகளன்றி, 1
 தங்குவதற்காக, 1
 அவளைப்போலவே, 1
 கொடையளித்துவிட்டு, 1
 தீ, 2
 நீலநதிகளையும், 1
 அன்பும், 1
 நோக்கித்திரும்பியது, 1
 ஒருவரை, 1
 திரும்பினார், 1
 உதடுகள், 1
 தட்சகன், 3
 அதைப்பெற்றுக்கொண்டு, 1
 தூய, 1
 மிச்சமிருக்கும், 1
 எஜமானராகிய, 1
 கண்ணெட்டும், 1
 குலக்கதைகள், 2
 ஆகுதியாக்கினர், 2
 நிறைந்திருந்தது, 1
 விட்டோம் இனி, 1
 தடைவரக்கூடும், 1
 எங்கே, 1
 சித்திரை, 1
 மரபு, 1
 படுக்கவைத்தனர், 1
 முட்டிமுட்டி, 1
 ஈச்சங்குருத்துக்களாலும், 1
 வழியாகவே, 1
 அவமதிக்க, 1
 வாக்களித்தான், 1
 உண்டும், 1
 சிற்றமைச்சனிடம், 1
 ஆலோசனை, 1
 விஷக்கடியை, 1
 அவமதிக்கப்பட்ட, 1
 அச்சத்தால், 1
 புரியாது, 1
 கத்ருவே, 1
 ரதங்கள், 1
 வழக்கப்படி, 1
 வளர்த்தேன், 1
 ஜனபதங்கள், 1
 நால்வகை, 1
 கழுத்தை, 1
 ஓலம், 1
 மாமன், 1
 குருதித்திவலைகள், 1
 பற்களைக், 1
 தலைச்சுமையாக, 1
 கண்விழித்தெழுந்து, 1
 பொறுக்கிச், 1
 வரும்போது, 1
 சென்றுகொண்டே, 1
 கிருஷ்ணநகரத்தில், 1
 சொல்வதெல்லாமே, 1
 நாய்போலவே, 1
 நிறைத்திருந்த, 1
 பட்டுச்சரடுபோல, 1
 கோல்காரன், 1
 உலர்த்திக்கொண்டிருந்த, 1
 அதிர்ந்தடங்கின, 1
 கனவுகளும், 1
 குலக்கவிஞர்களாலும், 1
 செல்லமுடியுமா, 1
 பிரபஞ்சவிதிகளுக்கு, 1
 முனிவர், 2
 வெளுத்துத், 1
 அன்றுகாலை, 1
 இணைத்த, 1
 அதிபன், 1
 எட்டுத்திசைகளிலும், 1
 குழந்தைபோல, 1
 தாய்மையின், 1
 கடைசி, 1
 நிகழவேண்டிய, 1
 அமர்ந்து, 2
 திட்டத்தை, 1
 ஆலமரத்தடியில், 1
 உருவாக்கியவை, 1
 நான்காம், 1
 கழுத்தில், 1
 உடன்பிறந்தாரை, 1
 கையை, 2
 வேய்ந்து, 1
 புஷ்கரவனத்தில், 1
 முழுமையடைந்தது, 1
 மீதும், 2
 உயிரற்றதைப்போலக், 1
 காத்து, 1
 விண்மீன்களாக, 1
 கொட்டப்பட்டன, 1
 சொற்கள், 1
 ஷிப்ரதேஜஸ், 1
 ஒளியைக், 1
 ஆரம்பித்தது, 2
 கூட்டத்தை, 1
 சுவர், 1
 கொன்று, 1
 பற்கள், 1
 மாறி, 2
 காத்திருந்த, 1
 குலவரலாறு, 1
 அத்ரி, 1
 தந்தையைக், 1
 அர்ஜுனனின், 1
 ஆகட்டும், 2
 பிரபஞ்சப்பேரியக்கம், 1
 பிரம்மசாரி, 1
 கலந்து, 2
 அழைத்துக்கொண்டது, 1
 பிரிந்து, 1
 விண்ணும், 1
 இக்கணத்தில், 1
 இளைஞனாகவும், 1
 மதுக்கோப்பையுடன், 1
 மார்போடு, 1
 கேட்டுக்கொண்டிருந்தன, 1
 கொண்டுசென்றார்கள், 1
 மருத்துவச்சிதான், 1
 மட்கிக்கொண்டிருக்கும், 1
 மெதுவாகத், 1
 விழுந்தது, 1
 கர்ஜிக்கும், 1
 போட்டு, 1
 கச்சைமணியிலும், 1
 காரணமாகக், 1
 தட்சகனின், 2
 முதன்மை, 2
 வளர்ந்தது, 1
 குழந்தையைப், 1
 மரப்பட்டைக்கூரைகளும், 1
 நம்மை, 1
 அவற்றிலேயே, 1
 பெருகிக்கொண்டே, 1
 மழையெனப், 1
 பெயரையும், 1
 அவர்களால்தான், 1
 யோசனை, 1
 சொன்னார், 2
 செய்யும், 1
 பெயர்தான், 1
 நின்றார், 4
 கையசைத்தார், 1
 ராஜஸ, 1
 சமித்துகள், 1
 நீரைத், 1
 முதுபெரும்தந்தை, 1
 அழுக்குகள், 1
 நிலைக்காத, 1
 ஆள், 1
 இளமையிலேயே, 1
 திகைத்து, 2
 துண்டிக்கப்பட்ட, 1
 துரோகம் இனி, 1
 குறுங்காட்டின், 1
 தகிக்கும், 1
 தூங்காமலிருந்தேன், 1
 பின், 1
 வெண்சுண்ணமும், 1
 உணர்ந்தார், 2
 பகடை, 1
 பொட்டலில், 1
 வாழ்கிறோம், 1
 கோட்டை, 2
 பார்த்தபின், 1
 மலரும், 1
 வாழ்வும், 1
 வெள்ளிமீன், 1
 உள்ளங்கள், 1
 தொடங்கினர், 2
 ஓங்கி, 1
 அடையாளமாக, 1
 வெம்மைக்குள், 1
 உணவும், 2
 மாற்று, 1
 மண்ணுலகை, 1
 என்னுடைய, 1
 சர்ப்பசத்ர, 2
 வேள்விக்கூடமே, 2
 எழுவரும், 1
 குருஷேத்ரத்தின், 1
 வளர்ந்தான், 3
 விருப்பம்கொண்டவனாகவும், 1
 உருவிய, 1
 அறிந்ததெல்லாம், 1
 கற்றுக்கொடுக்கப்பட்டாலும், 1
 சிவனை, 1
 தந்தையைப்பற்றியே, 1
 நீந்துவதுபோலச், 1
 நெளிந்துசெல்லக், 1
 சரடுகளைக், 1
 விட்டுவிடப்போவதில்லை உன், 1
 மன்னர்களும், 1
 சொல்லப்போவதை, 1
 ஆசியளிக்க, 1
 படைப்பு, 1
 மெல்ல, 4
 புதருக்குள், 1
 திறக்கப்பட்டிருக்கவுமில்லை, 1
 பரவிச், 1
 அசைந்துகொண்டிருந்தனர், 1
 குகையொன்றுக்குள், 1
 சிலமுள்மரங்களும், 1
 கானகதேவதைகளும், 1
 வெறுப்பும், 1
 சென்றிருக்கிறான், 1
 தளகர்த்தர், 1
 கூப்பிடுங்கள், 1
 சொல்கிறார், 1
 புலஹன், 1
 கோட்டைக்கதவுகள், 1
 ஆர்ப்பரித்தது, 1
 நூற்றுக்கணக்கான, 1
 மூதாதையான, 1
 பிரம்மத்தை, 1
 அரசபதவி, 1
 கோரினார், 1
 சூழ்ந்து, 1
 வேதமூர்த்திகளும், 1
 உலகையும், 1
 வேதகோஷமும், 1
 கோத்திரத்தைச், 1
 கால்நடைகள், 1
 இடியோசை, 1
 என்று, 27
 நெருங்கி, 1
 ஆயிரம், 4
 ஏற்றுவோம், 1
 புறச்சாலையில், 1
 முடியாதென்று, 1
 செல்லும், 2
 அன்னையிடமிருந்து, 1
 குவித்துவைத்து, 1
 மக்கள், 1
 நெளிந்து, 1
 மானுடத்தின், 1
 அஸ்தினபுரிக்குச், 1
 மாமிசத்தின், 1
 முதியவனாக, 1
 சுருங்கிய, 1
 சொற்களஞ்சியத்துடன், 1
 மின்னலின், 1
 வளைத்துக்கொள்ள, 1
 வீட்டுத்திண்ணைகளில், 1
 வியாசரின், 3
 கற்றுத்தந்த, 1
 கஸ்யபன், 2
 பரவிய, 1
 மருத்துவச்சிகள், 2
 கற்கக்கூடிய, 1
 வேள்விக்குளத்தை, 1
 மேலேறியது, 1
 வாளால், 1
 வேள்விமங்கலம், 1
 ஏதுமிருக்கவில்லை, 1
 மகா, 1
 பொருட்கள், 1
 சிம்மத்தின், 1
 இடம், 3
 இருக்கிறீர்களா, 1
 மேலே, 2
 ஆதியிலிருந்தது, 1
 எதிர்நோக்கியிருந்த, 1
 களிம்புப்பச்சை, 1
 புதியவர்கள், 1
 மூங்கிலைச், 1
 தட்சன், 9
 என்றபடி, 1
 மேலெழுந்து, 1
 சுவரமைக்கப்பட்ட, 1
 கருநாகங்களாலான, 1
 நீர்ப்பெருக்கை, 1
 கண்டுவிட்டான், 1
 வேள்விக்கூடத்தினுள், 1
 தனித்திருந்தால், 1
 செய்துகொண்டிருந்தான், 1
 கைநீட்டி, 1
 செந்நிற, 3
 நன்மையும், 1
 நோக்க, 1
 வாழ்க்கையாகக், 1
 பலகோடி, 3
 யாதவகிருஷ்ணன், 1
 வாசுகி, 1
 தானே, 2
 சரமை, 3
 அழைப்பு, 1
 என்றேன், 1
 இருப்பு, 1
 அடைந்தன, 1
 ஒன்றுகூட, 1
 நீர்வார்த்து, 1
 செந்நாக்கு, 1
 பாணர்கள், 1
 குருநாதரின், 3
 அளிக்கப்பட்டன, 1
 இது, 4
 எள்ளி, 1
 கனவில், 1
 நின்றான், 2
 பின்புதான், 1
 பிறப்பவனே, 1
 மூதாதையரனைவரும், 1
 தர்மத்தை, 2
 புகழுடன், 1
 மழையும், 1
 ஒளிக்கு, 1
 அக்குழந்தைதான், 1
 அச்சொல்லின், 1
 துவைபாயனர், 1
 உதிர்ந்த, 1
 சிறியமுகடுகள், 1
 பூரண, 1
 விரித்தார், 1
 சொற்களுக்கு, 1
 இப்போது, 4
 குடியேறிய, 1
 பாட்டி, 1
 பனிச்சரிவுகளிலும், 1
 நாகப்பாம்பின், 1
 அமைத்தான், 1
 கைகூப்பியபடி, 2
 இயற்கையால், 1
 அறமா, 1
 கடித்த, 1
 சந்தித்தேன், 1
 சொல்லுங்கள், 2
 பதிந்திருப்பதைக், 1
 காளைகள், 1
 இருந்து, 5
 தழல்களாயின, 1
 எழுப்பியது, 1
 வாய்க்குள், 1
 பிறந்தவையே, 1
 உரக்கச்சிரித்தபடி, 1
 கருவறைக்குள்ளிருந்துதான், 1
 நகருக்கு, 1
 பகடையாட்டத்தில், 1
 மத்தகங்களைத், 1
 வருடலையும், 1
 ஊர்மன்றுகள், 1
 உணவுக்கான, 1
 பந்தல்களைத், 1
 வெறுக்க, 1
 கொள், 2
 மிருகங்களும், 2
 மீன்வாசனையை, 1
 ஜனமேஜயரே, 1
 இந்த, 12
 வெறுப்பில், 1
 மீது, 3
 அகல்விளக்கின், 1
 சாங்கிய, 1
 ஒத்திசைவை, 1
 கொடிவழிவந்தவர், 1
 மண்ணை, 1
 அவியாகுக, 1
 நீட்டினார், 1
 அசைக்கவில்லை, 1
 இருக்கவில்லைகாலைவெயிலில், 1
 கைகள், 2
 என்றாள், 4
 பாத்திரத்தின், 1
 அந்தியில், 1
 குடுமியும், 1
 அமைத்து, 1
 வென்றவனை, 1
 கடித்ததா, 1
 மதகளிற்றுமுகத்தானின், 1
 புதல்வர், 1
 சிற்றோடைகள், 1
 குழந்தையைக், 1
 மலர்களாலும், 1
 முடிவிலாது, 1
 செந்நிறமான, 2
 பின்னும், 1
 கடுந்தவம், 1
 நாசியில், 1
 நெரிந்துபரவி, 1
 கடைசிகட்ட, 1
 நீரில், 1
 தழைத்திருந்தது, 1
 கண்டு, 3
 அலையடித்தன, 1
 சுதசேனரும், 1
 அளி, 1
 எரிந்ததைக்கண்டு, 1
 அப்படியே, 1
 வேள்வித்தூணில், 1
 பரீட்சித்தால், 1
 சென்று, 4
 நெஞ்சிலிருந்து, 1
 பின்வாங்கி, 1
 இலைகளை, 1
 படர்ந்து, 1
 காமத்தையும், 2
 பெருநிகழ்வொன்று, 1
 மண்சிலைக்கு, 1
 மீளாமலேயே, 1
 சேஷன், 1
 பதினான்கு, 1
 நிழல்களில், 1
 அதிர்ந்தது, 1
 கதையைக்கேட்டு, 1
 நெய்து, 1
 பதினாறாவது, 1
 ஓர், 1
 நினைவொன்றில், 1
 ரதவீதியிலும், 1
 விழித்த, 1
 வணங்கி, 2
 ஏறிக்கொண்டன, 1
 மூடியிலிருந்த, 1
 ரதசாலை, 2
 வரவழைத்தார், 1
 இருக்கிறது, 2
 நிழல்கள், 1
 அறவோர், 1
 இந்தப், 1
 இருக்காது, 1
 அகங்காரமும், 1
 மாமன்னர்கள், 1
 தேவையாகியிருக்கிறது , 1
 கிட்டித்து, 1
 கழித்தபடி, 1
 அவரும், 1
 அரண்மனைக்கு, 1
 வேறு, 2
 குலத்தின், 1
 காலடியோசை, 1
 சாபமிட்டால், 1
 மூங்கில்காடுகள், 1
 ஏற்றிவைத்து, 1
 பிரிந்தன, 1
 அவரைப்பற்றிய, 1
 ஆழத்தில், 1
 கொடிகளுக்குள், 1
 நிம்மதியாக, 1
 தென்திசையிலிருந்து, 1
 எதையும், 1
 சினத்துடன், 1
 பிரித்துக்கொண்டது, 1
 ஒவ்வொன்றையும், 1
 குருவம்சத்தின், 3
 சக்ரவர்த்தி, 1
 பாம்பாயிற்று, 1
 மத்தகத்தைப், 1
 அங்கிருந்து, 2
 முழுதறிந்தவரும், 1
 இருப்பவை, 1
 பூசலிடுவதைக், 1
 நாகங்களும், 1
 தவமாகி, 1
 அகத்தையும், 1
 அவருக்குள், 2
 இருபக்கமும், 5
 இனி, 4
 வணங்கிய, 1
 விண்ணகமுனிவர்களும், 1
 உக்ரசேனனும், 1
 மறைந்தான், 1
 ஓங்கினார், 1
 வேள்வி, 6
 ஒலியைக், 1
 சகடம், 1
 தடாகத்தின், 1
 பிறந்து, 3
 நெளிந்தன, 1
 உருவாகியது, 1
 பதறி, 1
 அறிந்தாள், 2
 கண்களை, 2
 தென்மேற்குத், 1
 மயிற்பீலிவைத்து, 1
 ஆடைகளும், 1
 கல்லாலமரத்தின், 1
 அடக்கி, 1
 அலைபாய்ந்தது, 1
 ஆட்டத்தின், 1
 யாகநெருப்பு, 1
 அதற்குப்பின், 1
 இந்தப்பாதை, 1
 உயிரிழந்தான், 1
 சேணமும், 1
 நேரடி, 1
 மயன், 1
 எரிந்தழிக, 1
 விழித்துக்கொண்ட, 1
 சொல்லுக்காக, 1
 ஒப்படைத்துவிட்டு, 1
 சூரியன், 2
 போடுவது, 1
 நினைவிருந்த, 1
 கலங்கி, 2
 குரல், 3
 திசைகள், 1
 தடுத்துவிடமுடியுமா, 1
 வழுவியவர்களை, 1
 வெம்மை, 1
 தாரைநீர், 1
 விட்டுக்கொண்டிருப்பதைக், 1
 இருந்தவர்கள், 1
 தெரியாதவற்றிலும், 1
 வாலை, 1
 காவியம், 1
 மனிதக்கண்கள், 1
 கொடுங்காற்றும், 1
 நிமித்திகனை, 1
 கடற்சிப்பி, 1
 வைசம்பாயனரும், 2
 உங்களுக்கும், 1
 ஆலமர, 1
 பற்றிக்கொண்டான், 2
 அழைத்தார், 1
 குழந்தையும், 1
 பகடையாட்டம், 1
 எரித்து, 1
 புதரில், 1
 காணிக்கைகளைக், 1
 நாகப்பாம்புகள், 1
 அரச, 1
 அகங்காரத்தின், 1
 குட்டியை, 1
 அக்குழந்தை, 1
 கதுப்பில், 1
 அர்க்யமிடக், 1
 சேர்ந்தவருமாகிய, 1
 நான்கு, 1
 மூதாதையருக்கென, 1
 என்னை, 4
 செந்நிறமாகச், 1
 இந்திரனின், 1
 மெலிந்து, 1
 சிரிப்பு, 1
 வேதங்களில், 1
 தொடங்கின, 1
 சொல்லிக்கொண்டு, 1
 கண்களிலிருந்து, 2
 சேர்த்து, 1
 கோட்டைவாசலிலும், 1
 நீர், 1
 அத்தெய்வங்களெல்லாம், 1
 கத்ரு, 2
 பதுங்கியிருக்கும், 1
 நீர்தெளித்துக்கொண்டு, 1
 குலமூதாதை, 1
 அட்சதையையும், 1
 அடிமரத்தை, 1
 கைகளால், 1
 போக்கும்படி, 1
 மாறின, 1
 செய்துவந்தார், 1
 கொண்டதாக, 1
 உருவகித்து, 1
 தம்பியர், 2
 பரல்மீன்கள், 1
 வைத்து, 2
 முதிர்ந்து, 1
 அடுக்கடுக்காக, 1
 அனைத்துப்பகுதிகளிலிருந்தும், 1
 நடுவிலிருந்த, 1
 இடியொலியுடன், 1
 கோர்த்துக்கொண்டு, 1
 நடுங்கி, 1
 இருக்கவில்லை, 2
 ஈச்சங்குலைகளாலும், 1
 காட்டிய, 1
 சொன்னபோது, 2
 அம்பாகச், 1
 வைசம்பாயனருக்கு, 1
 வேள்விக்கூடத்தின், 1
 சினம்கொண்ட, 1
 பட்டத்தரசி, 1
 அமர்ந்திருப்பதை, 1
 குழலை, 1
 வைத்திருந்தேன், 1
 பொற்செங்கோலை, 1
 அமர்ந்துகொண்டான், 1
 பசும்புல், 1
 காளிந்தி, 1
 தனியாகப், 1
 நதிகளும், 1
 முன்னும், 1
 வேண்டுமானாலும், 1
 சொன்னீர்கள், 2
 பிறந்த, 3
 மெல்லியகாற்றில், 1
 வெளிச்சம், 1
 ஓங்காரமெழுப்பி, 1
 பாவனையில், 1
 அமரச்செய்து, 1
 ரஜோ, 2
 சொல்லமுடிந்தால், 1
 குருவம்சத்து, 1
 நாகங்களின், 4
 அள்ளிப்பற்றி, 1
 அதர்வவேத, 1
 குணங்களுடன், 1
 உன்னை, 3
 சிவனுக்கு, 1
 அகங்காரத்தையே, 1
 மின்ன, 1
 கற்பனையால், 1
 இன்னொன்று, 1
 சருமம், 1
 சரிந்து, 1
 மகரிஷியைக், 1
 நாட்டை, 1
 தந்தையின், 1
 தனித்திருந்தான், 1
 அன்னை, 3
 நெளிந்துகொண்டிருந்த, 1
 அதுதான், 1
 உருவாக்கிக், 1
 ஒலிக்க, 1
 இருபதாண்டுகாலம், 1
 செய்தவனாவேன், 1
 மண்ணிலிருந்தும், 1
 அனுப்பும்படி, 1
 ஒருவரையொருவர், 1
 மார்கழி, 1
 சான்று, 1
 அவனுக்குப், 1
 பூசப்பட்ட, 1
 உக்கிர, 1
 சகமனிதனை, 1
 தோலாக, 1
 புகுந்துகொண்டன, 1
 வெளியில், 1
 நிழல்களை, 1
 அகங்காரமுமாக, 1
 பந்தல்களில், 1
 குடிலுக்கு, 1
 எரியும், 1
 நாவில், 1
 கடல்களின், 1
 கிளம்பி, 1
 இருபத்தெட்டு, 1
 கடைசிச்சொல்லாகவும், 1
 முளைத்தன, 1
 சொல்லும்படி, 1
 கனிகள்தேடச்சென்ற, 1
 மறைத்துக்கொண்டது, 1
 படைப்புத்தெய்வமே, 1
 பேசமுடியவில்லை, 1
 கண்மூடியவராக, 1
 வெளிவந்த, 2
 கொம்பும், 1
 சிலநாட்கள், 1
 அவர்கள், 9
 சமீகர், 1
 விஷம், 1
 கேளுங்கள், 3
 மலைக்கிராமத்தை, 1
 பச்சை, 1
 வாட்களுடன், 1
 வேறல்ல அதோ, 1
 வேள்விநெருப்பில், 1
 தட்சகியும், 2
 ஹோதாக்களுடனும், 1
 மட்டும்தான், 2
 பின்னிரவில், 1
 விவாதம், 1
 ஜனமேஜயனை, 1
 மாத்ரிதேவியை, 1
 காதுகளின், 1
 அமுதகலசச், 1
 வாலும், 1
 விதியை, 1
 அன்னத்தூவிகள், 1
 தழுவும்பொருட்டு, 1
 ஆயுள், 1
 இறப்பாய், 1
 வைத்திருந்தான், 1
 வைசம்பாயனரே, 1
 இடத்துக்குச், 1
 உருவாக்கிவிடுவான், 1
 தேடி, 1
 சிறிதாக, 1
 ஷண்முகவேல், 1
 கலைந்து, 1
 ரிஷியில், 1
 இச்சைகளை, 1
 ஒன்றின், 1
 சுவடியைப், 1
 அமர்ந்துகொண்டனர், 1
 ஓங்கிய, 1
 தன்முன், 1
 தூங்கும்போதுகூட, 1
 வீரம், 2
 கடும், 1
 வனம்தான், 1
 ரூபிகளான, 1
 விழுந்துமறைந்தாள், 1
 வெல்லமுடியாத, 1
 கூச்சல், 1
 அரசியான, 1
 தோண்டி, 1
 முனிவர்களின், 1
 வாயும், 1
 சிவந்த, 1
 அந்தக்காடு, 1
 காதுகளில், 1
 சிதையேறுவது, 1
 நடுங்கும், 2
 குருவாக, 1
 பொன்னிற, 1
 மரத்திலறைந்து, 1
 நிறைவடைந்தபின், 1
 ஆறுநாட்கள், 1
 கனியச்செய்யப்பட்டனர், 1
 நான்குகால்களையும், 1
 உறங்கும், 1
 என்றனர், 3
 பிராமணனால், 1
 கருக்கிருட்டில், 1
 கவர்ந்தேன், 1
 விடுபடக்கூடாதென்பதனால், 1
 மறந்தவராக, 1
 உலோகச்சத்தங்களும், 1
 ஊடுருவிச்சென்றுகொண்டிருந்தது, 1
 நாகமென்று, 1
 மலர்வீசி, 1
 விழக்கூடாது, 1
 வனமிருகம், 1
 மரீசியின், 2
 மானசாதேவியின், 1
 தேரட்டைகளும், 1
 நீ, 10
 காலடிகளில், 1
 மஞ்சள், 1
 குடித்தும், 1
 ஒலியில், 1
 காவல்பூதங்களும், 1
 வந்ததும், 1
 அத்ரிகையின், 1
 நேராக, 1
 திகைத்தவராக, 1
 சைகையால், 1
 காட்டவிரும்பியது, 1
 சித்தயோகினி, 1
 நதிக்கரையில், 1
 குடம்குடமாக, 1
 எரித்தழிப்பது, 1
 காதுகளை, 1
 தாயின், 1
 நாடியைப்பிடித்து, 1
 அழிக்கமுடியும், 1
 பின்னல்கள், 1
 குறியை, 1
 வருவதைக்கொண்டுதான், 1
 துளிகள், 1
 நகரும், 1
 பெறவேண்டுமா, 1
 முடிவில்லாமல், 2
 ஐம்பத்தாறுநாட்டு, 1
 காட்டில், 1
 மேல்பகுதியை, 1
 நூற்றாண்டுகளுக்கு, 1
 கொண்டது, 1
 நிறத்தில், 2
 அனுப்ப, 1
 தலைநகரம், 1
 அவரிடம், 1
 அவனும், 1
 தோன்றியது, 1
 பதிந்திருந்தன, 1
 விண்ணுக்கும், 1
 புராணமாக, 1
 மும்மூர்த்திகளையே, 1
 சித்தமாகவில்லை, 1
 கண்களில், 1
 ஒலியுடன், 1
 அடுத்தசொல்லை, 1
 திகைத்தார், 1
 சிரஞ்சீவிகளில், 1
 முடிவில், 1
 வேசரத்தின், 1
 பட்டம்சூட்டி, 1
 விண்மீன்கள், 1
 சமித்துக்களை, 1
 பிரஜாபதி, 3
 கண்மூடிக், 1
 தங்கள், 7
 இறுகி, 1
 அமர்ந்திருக்க, 1
 எடுக்கப்பட்ட, 1
 விண்ணக, 1
 அளிக்கிறேன், 1
 நூறாண்டுக்காலம், 1
 குணத்தை, 1
 செம்மணிக்கண்கள், 1
 விழிகளுடன், 1
 அதற்குள்ளிருந்து, 1
 நாகர்களை, 1
 மரணமற்ற, 1
 சொட்டிக்கொண்டிருந்தது, 1
 தன்னுடைய, 2
 அவருடன், 1
 முத்தமிட்டபின்னர், 1
 சென்றுசேர்வதாக, 1
 இழுபட்டுச், 1
 கிடந்தாள், 1
 வந்தான், 2
 சென்றபோது, 1
 அனுமன், 1
 என்ற, 5
 ஏதும், 2
 அவருக்குள்ளும், 1
 ஈற்றறைக்கு, 1
 காலத்துக்கும், 1
 தேடிச்சென்றன, 1
 அவனுக்களித்தவை, 1
 விதி, 1
 புத்தாடை, 1
 உன்னிடம், 1
 கடல், 1
 சோர்ந்து, 1
 ஊரிலிருந்தும், 1
 நிற்க, 1
 சமன்செய்யப்படாத, 1
 அணிவித்து, 1
 தவமியற்றிக்கொண்டிருக்கிறார், 1
 ஒவ்வொருநாளும், 1
 மின்னல்கள், 1
 அவையனைத்தும், 1
 துளி, 1
 மகனை, 1
 மறைந்தபோது, 1
 அறியாமல், 1
 ஒருபக்கம், 1
 வேள்விக்காவலனாகிய, 1
 முட்புதர்கள், 1
 இருக்கக்கூடாது , 1
 கதறிய, 1
 கோடி, 1
 ரித்விக்குகளே, 1
 கருக்குழந்தை, 1
 கல்விழிகளுடன், 1
 கட்டங்களில், 1
 மணல்மேட்டிலேயே, 1
 வடிவில், 1
 தூங்கிக்கொண்டிருந்த, 1
 கூரை, 1
 விரைத்து, 1
 ஆதித்யனாகவும், 1
 தாண்டியதும், 1
 இழியும், 1
 ஆண்கள், 1
 இக்குழந்தையையும், 1
 சுருண்டு, 2
 கண், 1
 குரங்குமனிதர்களின், 1
 அழியாது, 1
 தவிர, 1
 கடைசிச்சொற்களை, 1
 புத்திரசோகத்தில், 1
 துருவேறியிருந்தன, 1
 குடிலமைத்து, 3
 முந்தைய, 1
 அமர்ந்திருக்கையில், 1
 செல்வோம், 1
 இருந்தது, 6
 தெரிந்தது, 1
 ஊர்முனையில், 1
 தாமரைமலர்களை, 1
 அன்றிரவெல்லாம், 1
 குலமே, 1
 உங்களுக்கு, 2
 வருவதை, 1
 தவழ்ந்து, 1
 நடத்திவந்த, 1
 பெருமுரசம், 1
 ஆகுதியைச், 1
 உலகத்தைப்பார்த்தபோதுதான், 1
 கருவுறாமல், 1
 இன்றும், 1
 நிறைவுசெய்யலாம், 1
 மரங்களின், 1
 ஆலமரங்கள், 1
 ஊர்பவையும், 1
 நூலின், 1
 வாழ்வதற்கு, 1
 அளித்தனர், 2
 தோரண, 1
 இக்\u200cஷுவாகு, 1
 கொண்டவன், 1
 இன்னும், 1
 ஆறு, 1
 தொலைவுள்ள, 1
 பாம்பு, 1
 முனிவர்களும், 1
 அமர்ந்திருந்தபோது, 1
 என்றார், 24
 வெந்து, 1
 எவராவது, 1
 ஆறுவேளைகளாக, 1
 கிடந்த, 3
 இன்றியமையாதவையுமான, 1
 திராவிடச்சேர, 1
 தேவகுலங்கள், 1
 வணங்கினான், 1
 நிழல்கள்கூட, 1
 நீங்களும், 1
 அதிர்ந்து, 1
 நகையாடின, 1
 வளைத்துக், 1
 அழைத்தது, 1
 சென்றுகொண்டிருந்தான், 1
 தம், 1
 மர்மங்களே, 1
 இங்கிருந்து, 1
 வாழைக்கன்றுபோல, 1
 கண்ணீர், 2
 சொல்லும், 1
 எளிய, 1
 கேட்டு, 1
 நிமித்திகன், 1
 பெருவணிகப்பாதைகள், 1
 சென்றுகொண்டிருந்ததை, 1
 உங்களை, 2
 கண்டதுமே, 1
 மண்மூடியிருந்தது, 1
 கிருஷ்ணபட்ச, 1
 மழைபெய்யும்போது, 1
 உடலை, 1
 பீமனும், 1
 முழுமையாக்கும், 1
 நிகழும், 1
 சலித்து, 1
 மரத்தடியில், 1
 என்னிடம், 1
 நேற்றும், 1
 நரிகளும், 1
 எழுப்பப்பட்ட, 1
 மண்ணிலும், 2
 யமுனைத்தீவு, 1
 தாமரைநீர், 1
 புடவியின், 1
 உயிரைக்கொடுத்து, 1
 ஸித்தி, 1
 அவன், 28
 அளித்து, 2
 செய்துகொண்டான், 1
 நீர்ப்பரப்பிலிருந்து, 1
 தழுவி, 2
 பாடலில், 1
 நாவாகவும், 1
 நெருப்பிலே, 1
 என்றழைக்கப்பட்டது, 1
 குழந்தைகள், 2
 உண்டு, 2
 காரணமாக, 1
 சொல்லலைகளுடன், 1
 நவத்துவாரங்களையும், 1
 விழுங்கி, 1
 வேள்விச்சாலையைக், 1
 பிரமித்து, 1
 கடந்துசென்றன, 1
 வந்தது, 2
 மூச்சின், 1
 விருப்பம், 1
 முகத்தில், 1
 தளகர்த்தர்களும், 1
 வீரியத்தின், 1
 எண்ணிய, 1
 வடிவிலிருந்தது, 1
 சுற்றப்பட்ட, 1
 அதைசெய்கிறேன், 1
 மரச்சிற்பங்கள், 1
 வழிகேட்ட, 1
 தடி, 1
 பறந்த, 1
 முழங்கியதும், 1
 விட்டால், 1
 அதர்வ, 2
 வால்நுனி, 1
 மனம், 1
 அச்சுவடியை, 1
 மரப்பட்டைகளால், 1
 இச்சை, 3
 ஆயுதங்களுடன், 1
 பொழிந்தன, 1
 மீறிய, 1
 அழிக்க, 1
 புதர்களை, 1
 வாய், 1
 வந்திருப்பதைச், 1
 உறைந்திருப்பதை, 1
 அஸிக்னி, 3
 சிறுபுழுவின், 1
 வடக்கும், 1
 சிக்கிய, 1
 ஆவாஹன, 1
 சோதனைசெய்த, 1
 சீழைப், 1
 எல்லை, 2
 குடில்கள், 1
 தட்சனுடையவை, 1
 நகரங்களில், 1
 நாட்டிலிருந்து, 1
 தர்மபதம், 2
 எரிதலற்ற, 1
 பராசர, 1
 கொள்ளச்செய்தனர், 1
 உண்மையா, 1
 காய்களின், 1
 இருப்பதன், 1
 சரமையின், 1
 மாறிக்கொண்டே, 1
 விருந்தினருக்கான, 1
 சக்கரவர்த்திக்கு, 1
 அவனுக்கு, 1
 உணர்ந்தபடி, 1
 இல்லை முடியாது இந்த, 1
 புழு, 1
 கண்களுடன், 1
 உள்ளடங்கிய, 1
 சப்தரிஷி, 1
 தாமரைவடிவமான, 1
 இவ்வுலகையே, 1
 செய்யப்பட்டு, 1
 பரப்பப்பட்டிருந்த, 1
 பீதாம்பரம், 1
 அளித்தார், 1
 கிருஷ்ணனின், 1
 புட்டத்தில், 1
 இதை, 4
 அற்பமானவையும், 1
 நா, 1
 கணத்தையும், 1
 முளைத்தெழும், 1
 விலக்கும், 1
 வேள்விக்குதிரை, 1
 உபவேள்விகள், 1
 சத்வகுணம், 1
 அழியாமல், 1
 குலமூத்தார், 1
 காவியச்சுவடிகளைக், 1
 சொல்லட்டும் இந்த, 1
 ஒன்றுக்குள், 1
 ஆக்கியது, 1
 குளிர்கால, 1
 நோக்கியது, 1
 மூலைமுடுக்குகளிலும், 1
 திறந்தன, 1
 வாழ்ந்த, 1
 சில, 2
 வேண்டும், 2
 நீர்த்துளியையும், 1
 அந்தியும், 1
 முளைத்தெழுந்த, 1
 பிளந்த, 1
 நம்பிக்கையால், 1
 முகம்பொத்தி, 1
 நீர்மரங்கள், 1
 பெருநகரமோ, 1
 அத்திமரம், 1
 அசைந்தது, 1
 கிழக்குக்கும், 1
 சுக்லபட்ச, 1
 அகங்காரமாகியது, 1
 அத்திரி, 1
 உப்பு, 1
 சென்றான், 3
 தேவையில்லை, 1
 மணைமேல், 1
 அறிந்து, 1
 சண்டபார்க்கவர், 3
 நாகங்களையும், 1
 தேய்த்து, 2
 மானசாதேவிக்கு, 1
 வனலீலைக்குச், 1
 வெறுப்புடன், 1
 அறியமுடியாத, 1
 தழுவித்தழுவி, 1
 துள்ளிக்குதிக்காத, 1
 நிறைந்தனர், 1
 கொன்றுகுவிக்கக், 1
 பிரம்மசாரி எனக்கு, 1
 கொடையால், 1
 பார்த்துக்கொண்டது, 1
 கடைந்து, 1
 மீனின், 1
 விழுந்தன, 1
 அவனைத், 1
 நின்றிருந்த, 1
 செய்தான், 1
 ஜனமேஜயரிடம், 1
 நானறியமாட்டேன், 1
 பத்மபாதருக்கு, 1
 பாடுங்கள், 1
 உண்மை, 2
 என்னவாகப்போகிறாய், 1
 பட்டத்தரசியையும், 1
 குலதெய்வங்களின், 1
 சாலமரம், 1
 பதினெட்டு, 1
 நாட்களுக்கு, 1
 அழிவின்மை, 1
 பிருகுவின், 1
 விலகிச்செல்வதையே, 1
 இளமழையில், 1
 சைகை, 1
 எந்தப், 1
 கொல்லப்பட்ட, 1
 உருவி, 2
 நின்றுவிட்டான், 1
 வயதான, 1
 ஜனமேஜயனின், 2
 கருநாகங்களில், 1
 கற்கும், 1
 ஆகுதிகள், 1
 ஆண்டுகள், 1
 நீந்திச்சென்று, 1
 புதர், 1
 வழிதவறி, 1
 வாழவேண்டுமென, 1
 தர்ப்பையால், 1
 நாகவடிவத்தை, 1
 பெயரே, 1
 போடட்டும், 1
 தீங்கையும், 1
 சிம்மாசனத்தில், 1
 பிறப்பதற்குள்ளேயே, 1
 வந்து, 9
 நிழலெனத்தொடரும், 1
 வருவதைக், 1
 இறப்புச்செய்திகள், 1
 இந்தத், 1
 முதல்முடிவற்றது, 1
 அலங்கரிக்கப்பட்டு, 1
 பிறரும், 1
 அப்போதும், 1
 விசை, 1
 எங்குசெல்கிறது, 1
 பனிபடிந்த, 1
 இதுஅதுவற்ற, 1
 கணவனை, 1
 அமைந்தது, 2
 உதிர்ந்துபோய், 1
 என்றபின், 1
 குணமுள்ள, 1
 அகங்காரத்தையும், 2
 பின்னகர்ந்து, 2
 வாயுடன், 1
 பெண்ணானதனால், 1
 அந்தவேள்விக்கு, 1
 உரக்கச்சிரித்து, 1
 வளாகத்தில், 1
 ஏணியும், 1
 குளம்புகள், 1
 கொடிகளில், 1
 பெறச், 1
 இறுதிநாளில், 1
 அவருள், 2
 சுயத்தை, 1
 வழிகளெல்லாம், 1
 பகடைகளை, 1
 திரௌபதி, 1
 வளருங்கள், 1
 அவர்களை, 1
 ஒருவனிடம், 1
 காலத்தைக், 1
 சபையைப், 1
 காணவந்த, 1
 சிறகுகளுடன், 1
 கழுத்திலும், 1
 புரளவைத்து, 1
 எத்தனை, 1
 மறைந்த, 1
 பழக்கியபோது, 1
 மானின், 1
 மாயாவடிவமெடுத்து, 1
 முழுநிலவு, 1
 வழி, 3
 உயிரைக், 1
 ஆயுளுடன், 1
 கட்டியம், 1
 வெண்ணிறமான, 1
 கொப்பளித்துத், 1
 குலத்தையும், 1
 நெறிவழுவினாய், 1
 வாங்கிக்கொண்டு, 1
 ரிஷிகளே, 1
 உக்ரசேனன், 1
 கத்ருவின், 1
 முதல், 1
 குரோதத்தால், 1
 நாகர்கள், 1
 தனக்குள்ளேயே, 1
 மண்ணின், 1
 செலுத்தி, 1
 முனிகுமாரனை, 1
 வருவதே, 1
 விடைகொடுத்தனுப்பினாள், 1
 மண்ணிலிறங்கியதும், 1
 நினைவுகூரப்படட்டும், 1
 மீன்கணங்கள், 1
 வம்சத்தின், 1
 வைத்துவிட்டு, 1
 மைந்தர்கள், 1
 நரிகளின், 1
 புழுவாகக், 1
 கண்டார், 3
 சிறுவேட்டையாடியும், 1
 பெருநடையாக, 1
 சொல்லியிருந்தார், 1
 தலைமுறைகள், 2
 காரணம், 1
 யுதிஷ்டிரர், 3
 அழைத்துச்சென்று, 2
 சீறும், 1
 மழைப்பிசிர்கள், 1
 நம், 3
 சரி, 1
 நிற்கிறான், 1
 இதன், 1
 சமநிலையில், 1
 வைதிகர்களே , 1
 இந்திரனே, 1
 என்னையும், 1
 இலைப்பரப்புகளுக்குமேல், 1
 காண, 1
 உத்தரை, 2
 ஆடைநுனியை, 1
 ஏழாம்நாள், 1
 நாம், 2
 முன், 2
 மீனவர்கள், 1
 மனுக்குலத்தில், 1
 வலப்பக்கமாகச், 2
 அருவியின், 1
 எட்டிய, 1
 யமுனைநதிக்கரையில், 1
 அன்று, 2
 புறத்திலும், 1
 என்றன, 1
 கையிலிருந்த, 1
 சரிந்துவிட்டார், 1
 முறுக்கிக்கொள்ளும், 1
 முழுமையாக, 2
 காட்ட, 1
 கொண்டனர், 1
 நோன்புகள், 1
 மனதுக்குள், 1
 முழுமை, 3
 கிராமத்தை, 1
 மகன் நைஷ்டிக, 1
 வந்திருக்கிறானா, 1
 தவறுக்கான, 1
 விஸ்வசேனன், 1
 அக்குளுக்குள், 1
 உண்ண, 1
 சேற்றில், 1
 பாதாளமூர்த்திகள், 1
 வரம், 2
 எடுத்தனர், 1
 புல்லரிசியும், 1
 தடுக்கியும், 1
 சுக்லபஞ்சமி, 1
 சிறுவன், 2
 செல்வதுபோல, 1
 மண்ணாளும், 1
 பசித்த, 1
 மன்னனை, 1
 வல்லமையாக, 1
 கிழக்கிலும், 1
 அறத்தை, 1
 சிவன், 1
 சொல்லெனில், 1
 போதையில், 1
 மங்கலவாத்தியக்குழு, 1
 ஏற்று, 1
 செய்யவேண்டிய, 1
 கைநகங்களெல்லாம், 1
 இப்படி, 1
 ஓடி, 1
 புத்தம்புதிய, 2
 இருள், 3
 ஆரம்பித்தார், 2
 இறுதி, 2
 எழுந்தது, 1
 அங்கேயே, 1
 புஜகீர்த்திகளிலும், 1
 அப்பகுதியெங்கும், 1
 உயிர்விடுவாய், 1
 கனத்த, 1
 சுவர்களும், 1
 வரவேற்றுச், 1
 விளையாடலாமெனச், 1
 வாழ்க்கை, 1
 பிறந்தாள், 1
 கையால், 1
 சடைக்கற்றைமுடிகளுமாக, 1
 குழந்தை, 4
 வீரியங்கள், 1
 கற்பனையும், 1
 பார்க்கப்போகிறான், 1
 மணம்செய்துகொண்டான், 1
 தலைமீது, 1
 நீராடச்செய்து, 1
 ஒருவர், 2
 நூல்களும், 1
 போர்முடிந்து, 1
 தவமுனிவரான, 1
 லதாமண்டபத்தில், 1
 வேறுவழியில்லை, 1
 கண்டபடி, 1
 அதர்வத்தை, 1
 தலைவன், 1
 அக்கணம், 1
 உறவான, 1
 கைகூடுவதில்லை, 1
 தரிசனத்தை, 1
 அலைகளை, 1
 தவம், 1
 ரித்விக்குகள், 2
 சபிக்கப்பட்டவன், 1
 அதற்குரிய, 1
 இருந்தார், 1
 எதுவானாலும், 1
 ஞானத்தின், 1
 எதனால், 1
 அவனுக்குள், 1
 தேவர்களுக்கு, 1
 பற்றிக்கொண்டு, 1
 பாசிமணிகளுக்குள், 1
 நிறைந்த, 1
 உத்தமரே இந்த, 1
 இருளைப்பற்றித்தான், 1
 முதல்கட்டத்தில், 1
 பரீட்சித்தைத்தேடி, 1
 அழகிய, 1
 பொன்னூல், 1
 தவறு, 1
 தொங்கிக்கிடந்த, 1
 வட்டமாக, 1
 சூதர்கள், 2
 குதிரைகளைத், 1
 ஆதி, 1
 நின்றாள், 1
 பாம்புகளாக, 2
 எதிர்காலமாகக், 1
 மடலை, 1
 முரண்பட்டன, 1
 வம்சத்தை, 1
 நிலையில், 1
 தளர்ந்து, 1
 அன்னத்தை, 1
 சொல்லட்டும் , 1
 அரணிட்ட, 1
 பொன்னாலான, 1
 குறுகி, 1
 வந்தன, 1
 வாசித்தார், 1
 மூதாதையர்களே, 1
 இருந்துகொண்டிருந்தார், 1
 வாருங்கள், 1
 ஆரம்பித்தாள், 3
 தன்னறம், 1
 ஆடும், 2
 சற்று, 1
 தாமிர, 1
 நம்முடைய, 1
 மரவுரியும், 1
 அறிதல்களாக, 1
 நிலவாய், 1
 எதிலும், 1
 வேர், 1
 வைசியர், 1
 ஹோதாவான, 1
 அரசே, 3
 ஆடையணிந்த, 1
 குத்தியது, 1
 கண்டான், 5
 ஆரம்பித்திருந்த, 1
 சுருண்டிருக்க, 1
 வித்தைகளும், 1
 மோதும், 1
 ஆய்ச்சியர், 1
 வைசம்பாயனரை, 1
 கச்சை, 1
 ஓலமிட்டழுதபடி, 1
 இருக்கக், 1
 மெல்லமெல்ல, 1
 அரணிக்கட்டையைக், 1
 ஜெயவிஜயீபவ, 1
 உடலுக்குள், 1
 நாளாக, 1
 அதை, 6
 வேதாந்தம், 1
 அதற்கிணையான, 1
 அவைச்சிற்பிகளை, 1
 மேற்கிலுமாக, 1
 பேதைப்பெண்ணாக, 1
 நின்றனர், 1
 சீரானதாக, 1
 நெறிநூல்களை, 1
 எக்களிப்புடன், 1
 அலைமோதின, 1
 ஊழ்கமும், 1
 உருவாகட்டும் , 1
 உறையுடன், 1
 காலத்தை, 1
 பூவனம், 1
 தடுக்கவில்லை, 1
 அன்றி, 1
 அப்படியென்றால், 4
 முழுமையாகவேண்டும், 1
 உனக்களித்த, 1
 சொன்னார்கள், 1
 பாட்டிவழி, 1
 ஈரேழு, 1
 பொருள், 4
 விழிவிரித்து, 1
 கத்ருதேவி, 2
 அதற்குமேல், 1
 அருகே, 4
 நாய்களும், 1
 துவாரகைக்கு, 1
 அதுவரை, 2
 அறியாதவற்றிலும், 1
 பருவடிவம், 1
 அலைகளும், 1
 பாம்புகளும், 1
 விதைக்குள், 1
 கேட்கிறீர்கள், 1
 கிளம்புங்கள் , 1
 பத்திகளை, 1
 அவர், 26
 பாட, 1
 தளர்ந்தபோது, 1
 கட்டில், 1
 போல, 11
 செடிகளில், 1
 மைந்தர், 1
 மார்பில், 1
 பெற்றெடுத்தாள், 1
 முதுமை, 1
 திறக்கும், 1
 அந்தக்குகை, 1
 சாலை, 1
 படைப்புசக்தியால், 1
 குடிலுக்குள், 1
 இதுவன்றி, 1
 தாடியும், 1
 மெத்தையும், 1
 தூங்கவைத்தாள், 1
 என்றென்றும், 1
 பிறந்தவன், 2
 குன்றி, 1
 தொடுகையில், 1
 வெங்காற்றிலும், 1
 வருகிறார், 1
 அதன், 5
 காதுகள், 1
 இன்று, 2
 எழுதி, 1
 ஒலிகள், 1
 குருகுலத்து, 1
 காணிக்கை, 3
 மரவுரியாடையணிவித்து, 1
 மௌனமாக, 1
 உறிக்குடிலைக், 1
 காட்டுநாய், 1
 கரங்களுடன், 1
 ஒருவகையான, 1
 கடல்மணத்தை, 1
 இணைந்துகொண்டன, 1
 நூல்நெறியல்ல, 1
 நெருப்பு, 1
 ஓடைநீர், 1
 இரவில், 3
 அழியும்போது, 1
 காலடியில், 1
 இருநூற்றெழுபது, 1
 எடுத்துக்கொடுக்க, 1
 ஓடிவந்து, 1
 சென்றார், 1
 மரத்தாலான, 1
 வெளியிலிருந்து, 1
 அளித்த, 2
 உடலுடன், 1
 உருவானது, 1
 வேள்விமண்டபமும், 1
 வென்ற, 1
 உங்களுக்குப், 1
 அரக்கும், 1
 ஒரே, 2
 மாதம், 2
 மானுடப்பாதைகள், 1
 முனிவரின், 2
 ஆண்டுகளானபோது, 1
 வந்ததையும், 1
 அதற்காக, 1
 சிராவண, 1
 எனவே, 1
 குருதிமழையில், 1
 வந்துவிட்டது, 1
 வேசரதேசத்தில், 1
 பார்க்க, 1
 துடித்து, 2
 தயங்கி, 1
 நினைவுகள், 1
 அளிக்க, 1
 ஆகச்செய்யும், 1
 உயிரை, 2
 சபித்தபடி, 1
 தடுக்கும், 1
 தேவர்களும், 1
 நடுச்சாமம், 1
 வந்ததுமே, 1
 நோக்கமும், 1
 பின்வாங்கியபோது, 1
 வேள்விக்குளத்தின், 1
 வரமளித்தேன், 1
 மகாவியாசனின், 1
 முழங்கின, 1
 விலக்கியபோதிலும், 1
 முழுமையான, 1
 வெட்டிவெட்டி, 1
 விழுந்த, 2
 பாலருவிக்கரையில், 1
 அஸ்தினபுரியின், 1
 அமைச்சர்களிடம், 1
 சொட்ட, 2
 வைக்கப்பட்டிருந்த, 1
 வாழ்க, 1
 ஜனமேஜயனிடம், 1
 ஒடுங்கி, 1
 வளையமாக, 1
 நெருப்பாக்கி, 1
 இரண்டு, 1
 அணிகளையும், 1
 உயிரசைவே, 1
 அதர்வவேதம், 1
 கற்றுக்கொண்டோம் , 1
 நிறைந்து, 1
 புரிந்துகொள்ளவே, 1
 அழைத்து, 2
 அது, 13
 கொண்டேன், 1
 கொண்டுசென்று, 3
 வைதிகர்கள், 2
 கதையை, 1
 சாபம், 1
 தோல்மூடிய, 1
 முடியாது, 2
 முழுக்க, 2
 சிறியவாலை, 1
 வேள்வியதிபரான, 1
 தூதனாக, 1
 காட்டிலிருந்து, 1
 மரங்களிலாடியும், 1
 ரணபூமி, 1
 அள்ளி, 2
 உதித்தவரும், 1
 தலைவர், 1
 கருக, 1
 ஞானத்தை, 1
 அவையெல்லாம், 2
 முளைத்த, 1
 ஸ்ரீஜய, 1
 பூச்சிகளும், 1
 அவரளித்த, 1
 அந்தச்சைகைகள், 1
 நிலையழிந்து, 1
 என்றால், 2
 மரவுரியணிந்த, 1
 மண்ணுக்கும், 1
 முதுமையாலோ, 1
 மொத்த, 2
 பைலரும், 6
 விரும்பினேன், 1
 மக்களுக்காக, 1
 மிச்சமில்லை, 1
 ஊர்ந்து, 1
 கட்டினர், 1
 பெற்றுக்கொள்ளுங்கள், 1
 கரங்கள், 1
 காமமே, 1
 விட்டன , 1
 பொற்சிம்மங்கள், 1
 உள்நோக்கிச், 1
 சத்திரத்தில், 1
 செய்வாயாக, 1
 நாடுகள், 1
 தேவி, 1
 கிழக்கே, 1
 புதுமழையில், 1
 எழுதிமுடித்தார், 1
 இழுத்து, 1
 கரடித்தோலை, 1
 ஈச்சைஓலைகளால், 1
 மண்டிய, 1
 ஆராய்ந்து, 2
 அவ்வப்போது, 1
 சிப்பிகளுக்குள், 1
 ஆரத்தழுவிக்கொண்டனர், 1
 கொண்டுவரும், 1
 தனக்கு, 1
 இருந்துதான், 1
 நாசிகளுக்குள்ளும், 1
 நீங்கிவிட்டார், 1
 மெல்லத்தூக்கி, 1
 ரித்விக்குகளுடனும், 1
 தாய்ப்பால்கூட, 1
 இருக்கவில்லை , 1
 என்பெயர், 1
 சொன்னாள், 3
 அஞ்சிக்கொண்டிருந்த, 1
 ஆமாம், 1
 என்றது, 1
 முள்ரோமக், 1
 ஒற்றைக்காலடி, 1
 நூறுமடிப்புகளைக்கொண்ட, 1
 பண்டிதர்களையும், 1
 குருஷேத்ரம், 2
 எரியத்தொடங்கியது, 1
 மரியாதை, 1
 அளியுங்கள், 1
 சொல்வது, 1
 எடுத்தபோது, 1
 ஆனார், 1
 குரங்குபோல, 1
 உரிந்து, 1
 பிறந்தபின்னரும், 1
 சுருக்கி, 1
 நம்மிடமிருக்கும், 1
 அவர்களனைவரும், 1
 அவ்வாறே, 4
 முதிர்ந்தபோது, 1
 அகத்தில், 1
 விளையாட்டுத்தோழனாகிய, 1
 நீரெனில், 1
 எலும்புக்கூடு, 1
 எழ, 1
 அரங்கை, 1
 அரண்மனையின், 1
 உரிமை, 1
 எனக்கென, 1
 அறைந்து, 1
 அசுரர்களும்கூட, 1
 அசைவில்லாமல், 1
 பெரும்பாம்புகள், 1
 மாமிசத்தையும், 1
 அங்கிரஸ், 1
 படத்தின்மேல், 1
 கைபோன்ற, 1
 சுழன்றன, 1
 செய்யவேண்டும், 1
 ஆசிரமத்தில், 1
 கிளம்பிச்சென்று, 1
 செம்மண்பூமி, 1
 அசையும், 1
 ஆம், 8
 தொலைவுக்கு, 1
 இருளுக்குள்தான், 1
 நந்தவனத்தின், 1
 அறத்தைப்பற்றி, 1
 வீரமரணமடைந்தவர்களுக்கெல்லாம், 1
 கூவினார், 5
 தீண்டவே, 1
 பிறந்ததன், 1
 தொடங்கியது, 2
 விடைகொடுக்கவேண்டும் அதுதான், 1
 தெருக்களில், 1
 என், 12
 குளிர்ந்த, 2
 தடம், 1
 வணங்கியபோது, 1
 ஆட்சியதிகாரத்தை, 1
 செவ்வரக்கு, 1
 விஷத்தின், 1
 அறிவும், 1
 அவற்றில், 1
 காஞ்சனம், 1
 குருவம்சத்தினருக்கும், 1
 கைமாறாக, 1
 நாகங்கள், 11
 கடலோரத், 1
 பறவைகளும், 2
 உறங்குங்கள், 1
 தந்தங்களில், 1
 கூப்பினார், 1
 மீன்களும், 1
 வைதிகரின், 1
 பின்திண்ணையில், 1
 அமைய, 1
 முடிந்தபின்னர், 1
 இப்போதே, 1
 கொண்டுவரச்சொன்னார், 1
 மூதாதையரும், 1
 அமைதியான, 1
 சொல்லாமல், 1
 கனிவை, 1
 அணைப்பையும், 1
 கைக்குழந்தையின், 1
 கதைகளையும், 1
 தலை, 3
 தாமரைக்கூட்டங்கள், 1
 பெருகட்டும், 1
 மண்ணிலுள்ள, 1
 வியாசரிடம், 2
 குருஷேத்திரத்தின், 1
 மன்னர்களின், 1
 மரணமுனையில், 1
 கூரைபோல, 1
 கனவுக்குள், 1
 வைதிக, 1
 கபிலரின், 1
 அவிஸாக்குவோம், 1
 பூமியை, 1
 உணர்வதுபோல, 1
 எதற்காக, 1
 முந்தையநாள், 1
 நீள்வதுபோல, 1
 பாடினார்கள், 1
 அவிபெற்று, 1
 உப்புவண்டிகள், 1
 நீரரணுக்கு, 1
 கண்டுகொண்டேன், 1
 கல்லாலமரத்தைக், 1
 பந்தற்கால்களில், 1
 நிலையிலேயே, 1
 போரின், 1
 மறைந்தபின்பு, 1
 வண்டிகளில், 1
 நாக்குகள், 1
 தீர்ப்பதற்குரிய, 1
 மறுபக்கத்தால், 1
 பெயர்கொண்டது, 1
 அனைத்து, 3
 நடுநடுங்கி, 1
 தூய்மையாகிவிட்டன, 1
 மைய, 1
 வானம், 1
 ரதமேறி, 1
 சிலுசிலுக்க, 1
 தெய்வங்களும், 1
 கபிலர், 1
 வைத்த, 1
 கூடியிருந்தனர், 1
 காடும், 1
 வெல்வதற்கு, 1
 எரிந்து, 1
 முற்றாக, 1
 இருவரும், 1
 சென்றாள், 1
 தாங்கிய, 2
 பிரக்ஞை, 1
 அடைந்ததையும், 1
 ஓடிய, 1
 கண்ணுக்குத்தெரியாத, 1
 அங்கீகரிக்காது, 1
 உடை, 1
 ஊர்மன்றின், 1
 ஒருகணம்கூட, 1
 நீர்க்கடன்களும், 1
 அறியாமையை, 1
 வாழைப்பூ, 1
 ஆசிரியனின், 1
 அதைச்செய்தமைக்காக, 1
 உணவாயின, 1
 வீரர்கள், 1
 நின்றாடியதை, 1
 வேள்வித்தூணாக, 1
 விரிந்து, 1
 இருவருக்கும், 1
 அனைத்துப், 1
 இறைச்சியும், 3
 எல்லா, 1
 பதித்து, 1
 மான்தோல்மூட்டையில், 1
 செவிகளுமாக, 1
 நகங்கள், 1
 உருவாயின, 1
 தெளியும்தோறும், 1
 சுழற்றியபடி, 1
 சத்வகுணத்தைத், 1
 முழுமைசெய்யவேண்டும், 1
 விண்ணை, 1
 அல்லாமல், 1
 சுட்டிக்காட்டி, 1
 ஏந்திக்கொண்டார், 1
 தெரியும், 1
 துணியை, 1
 நிமித்திகர், 1
 நுழைவாசலின், 1
 நூல்களை, 1
 தாழை, 2
 பிறர், 1
 முழங்க, 2
 விடைகொடுங்கள், 1
 இருட்டையும், 1
 அரணிக்கட்டை, 1
 நுனியால், 1
 வளம், 1
 கவிழ்ந்த, 1
 எழுந்ததுபோல, 1
 ஐம்பத்தோராவது, 1
 காலகனின், 1
 தவச்சாலையை, 1
 சூழ்ந்த, 1
 போட்டியும், 1
 வேள்விச்சுடரில், 1
 என்ன, 6
 தாமரைமீது, 1
 முனிவர்கள், 2
 அறியவில்லை, 2
 அதுவே, 1
 நிறைவுசெய்யப்பட்டனர், 1
 நிறைத்துக்கொண்டிருந்தன, 1
 செலுத்தினர், 1
 கட்டுப்படுத்தினர், 1
 பரீட்சித்தின், 4
 பாதாளத்திலும், 1
 நெருங்கிவந்து, 1
 யோகானுஷ்டானங்கள், 1
 வானகங்கள், 1
 ஜொலித்த, 1
 தொற்றி, 1
 புற்றாக, 1
 மறுபக்கத்தில், 1
 அபிமன்யு, 1
 நீரும், 2
 முட்டி, 1
 நடந்த, 1
 முதல்நாகத்துக்கு, 1
 விதவிதமான, 1
 பாடித்திரிந்தனர், 1
 மறந்து, 1
 பிளிறும், 1
 கூச்சலிட்டார், 1
 நிகழ்த்திக்கொண்டது, 1
 வந்தனர், 2
 நாகம், 2
 கொடுத்து, 2
 படபடத்தது, 1
 ஓலைகளைமுடைந்து, 1
 வீழ்த்தி, 1
 நிம்மதியுடன், 1
 ஒலிமரூவையே, 1
 கட்டி, 1
 இதயத்துடிப்பை, 1
 கூரைவிளிம்பைப், 1
 மருத்துவச்சி, 1
 மறந்தார், 1
 வேள்விமண்டபத்தின், 2
 இதயத்துடிப்புகள், 1
 சுடர்விட, 1
 சூடிய, 1
 வேகமாக, 1
 வசிக்கும், 1
 இருட்டின், 1
 முன்பு, 1
 படிகளில், 1
 வியாசன், 1
 படிந்த, 1
 வேள்வியைத், 2
 மூன்றடுக்கு, 1
 அக்கணமே, 1
 முடிவில்லாத, 2
 தந்தை, 2
 இதைச்செய்கிறீர்கள், 1
 வேள்விநெருப்புக்கு, 1
 அலைந்தார், 2
 வேட்டிகட்டி, 1
 தீநாக்குகள், 1
 மகாவியாசர், 6
 புல்நுனிகளில், 1
 வழிபாடுகளை, 1
 படாமல், 1
 வயிற்றில்தான், 1
 உபவனத்தில், 1
 பார்க்கும், 1
 கணமும், 3
 எனக்கும், 1
 ஏறிய, 1
 பொன்னிறத்தில், 1
 யாரென்று, 1
 வனக்குடிலை, 1
 கவச, 1
 உரசி, 1
 ஏறிப்பின்னிய, 1
 விரிக்கப்பட்ட, 1
 கண்களாக, 1
 கூரைக்குவை, 1
 செங்கோல், 1
 இளவரசனாக, 1
 நால்வருணத்து, 1
 அணுகும், 1
 நக்குவது, 1
 முழுமைநிலை, 1
 அடைக்கலம், 1
 தங்களவர், 1
 விட்டு, 1
 யாயாவர, 1
 அச்சத்துடன், 1
 தென்னகச்சமவெளிகளிலும், 1
 மண், 1
 முற்றாகவே, 1
 பித்தெழுந்த, 1
 மயக்கத்தாலோ, 1
 அஸ்தினபுரியில், 1
 வாழ்த்தி, 2
 வெள்ளெலும்புக், 1
 ஏறி, 3
 ஓசையிட்டு, 1
 ஒளியின், 1
 பூசிய, 2
 கால்களைத், 1
 படுத்துக்கொண்டார், 1
 பசும்சாணி, 1
 ஆடுகளத்தின், 1
 அருந்தக்கூடாது, 1
 அவளை, 3
 செத்த, 1
 நாகர்குலத், 1
 நாளையும், 1
 போர்த்தியிருந்தனர், 1
 ஆணைப்படி, 1
 தொங்கிய, 2
 ஊட்டப்பட்டு, 1
 இன்றைய, 1
 ஆதித்யர்களும், 1
 கருமேகம்போல், 1
 நிமித்திகனின், 1
 செந்நிறமிழந்து, 1
 அதற்குக், 1
 பாடத்தை, 1
 பார்ப்பதற்கென, 1
 மன்னனே, 1
 நிறைவேற்றவேண்டும், 1
 வெட்டவெளிக்குக், 1
 சிதல்புற்றுகளும், 1
 துடிப்பு, 1
 அவருக்குள்ளிருந்து, 1
 எதற்கும், 1
 கல்பரப்புகளும், 1
 அறிந்தார், 1
 சுழற்றி, 1
 கொண்டுவந்திருந்த, 1
 தழுவல், 1
 தேசத்தைக், 1
 கனவுருக்கள், 1
 காணமுடிந்தது, 1
 அதையே, 1
 நாளில், 2
 என்னும், 2
 விழிகளால், 1
 பருந்துகளும், 1
 வேள்விச்சாலையில், 2
 அதற்குள், 1
 உணவுக்காக, 1
 திரும்பி, 4
 ஒடுங்கியிருந்த, 1
 வலக்கைகளைக், 1
 குன்றாத, 1
 இவ்வேள்வியிலே, 1
 இன்றில், 1
 அவனால், 1
 அறியாத, 1
 ஆடைகள், 1
 எதுவென்று, 1
 இவ்வுலகமெங்கும், 1
 அணுகி, 2
 அரண்மனையைவிட்டு, 1
 எண்ணப்படும், 1
 நகரமே, 2
 பதைப்பை, 1
 மூடியபடி, 1
 அகன்றுவிட்டதே, 1
 நினைக்கமுடியாத, 1
 பல்லாயிரம், 1
 போர்த்திவிட்டார், 1
 மைந்தர்களை, 1
 விரிந்துள்ள, 1
 முழங்கினர், 1
 இக்கணமே, 1
 வியாசனின், 2
 முளைத்தெழுந்து, 1
 அவருடலில், 1
 அழிக்கவிருந்தீர்கள், 1
 ஐம்பத்தாறு, 1
 காலைவெளிச்சத்தில், 1
 மண்பரப்பின், 1
 வளர்ந்ததும், 1
 சென்றுகொண்டிருந்தது, 1
 குனிந்து, 2
 முதல்நாளில், 1
 பெரிதாகப், 1
 கூந்தலையும், 1
 சொற்களைத்தான், 1
 அமரச்செய்தார், 1
 இந்திரப்பிரஸ்தத்தின், 1
 ராசியில், 1
 உன்னையும், 2
 சேர்ந்து, 3
 சீடர்களும், 1
 ஐம்பத்திரண்டாவது, 1
 இலக்கு, 1
 சர்ப்பங்களைப்போல, 1
 நகரம், 2
 சடலம், 1
 படுக்கையில், 1
 பேரழகு, 1
 தர்ப்பை, 1
 அரண்மனைக்குச், 1
 திரும்பிப்பார்க்கவேயில்லை, 1
 பரீட்சித்திடம், 1
 வைதிகரும், 1
 விரிய, 1
 காகங்களும், 1
 அவனுடைய, 1
 உனது, 1
 காலையும், 1
 மகளாக, 1
 நேரத்தில், 1
 சிந்தை, 1
 காலநாடகத்தின், 1
 பிரம்மசாபத்தால், 1
 தலைக்குமேல், 1
 துயரமெல்லாம், 1
 நிழலை, 1
 குறுங்காட்டைத், 1
 அமர்ந்திருந்தார், 3
 நவமணிகள், 1
 முழுமைநோக்கி, 1
 எழுதிய, 1
 வளைவுக்குமேல், 1
 உன்னைத்தேடி, 1
 கண்களுமாக, 1
 மிக்கதாக, 1
 கண்ணுக்கு, 1
 ஊர்ந்துகொள்ள, 1
 கொண்டு, 6
 ஓசையில், 1
 மாணவர்களும், 1
 முக்குணங்களாக, 1
 வருகையை, 1
 அந்தவலையில், 1
 ஆங்காங்கே, 1
 இருநூறாண்டுகால, 1
 யாராக, 1
 கேளாமால், 1
 சங்குக்குவியல்கள், 1
 பசுங்காடுபோலச், 1
 அன்றிரவு, 1
 மனுக்குலம், 1
 வேள்விமண்டப, 1
 மணம், 1
 அவ்வாறாக, 1
 குருவில், 1
 தன்னுள், 2
 நேரம், 1
 கூரையெங்கும், 1
 பொழிந்துகொண்டிருந்த, 1
 குழிக்குள், 1
 தோள்தளர்ந்து, 1
 எனக்கு, 6
 வழிய, 1
 நடந்தது , 1
 அணிவகுத்த, 1
 அறம், 3
 சிப்பிகள்போன்று, 1
 பிரிக்கவேண்டும், 1
 லதாமண்டபத்திலிருந்த, 1
 வேள்விக்கூடத்தில், 1
 அதன்பிறகு, 1
 ஓட்டைவழியாக, 1
 மாமன்னர், 1
 சொன்னதாகவும், 1
 சுடர்விட்டன, 1
 தவச்சாலைக்குள், 1
 அஸ்தினபுரியிலிருந்து, 1
 ஆழத்திலிருந்து, 1
 தோறும், 1
 நிலவின், 1
 பொன்னும், 1
 ஓடிச்சென்று, 1
 நிறுத்திய, 1
 அளிக்கப்படவில்லை, 1
 கொடிகள்போல், 1
 தன்னிலை, 1
 வில்லென, 1
 சொல்லை, 1
 ஞானியான, 1
 பார்த்தேயாகவேண்டிய, 1
 ஏந்த, 1
 வலதுகையின், 1
 மாமிச, 1
 வழியாகச், 1
 வீரணி, 1
 காட்டுக்கொடிகளால், 1
 எஞ்சியிராத, 1
 நீலநீரலைகளில், 1
 மன்னரே, 1
 அளிப்பேன், 1
 நீங்கி, 1
 வயிற்றில், 1
 சிறுகுடில்களில், 1
 நெறியால், 1
 வளரும், 1
 நிலத்தை, 1
 வேட்டையாடி, 1
 மா, 1
 அறுபது, 1
 தீயாக, 1
 சமவெளியையும், 1
 சியவன, 3
 வேள்வித்தீயில், 1
 இடப்பக்கம், 1
 கட்டப்பட்டிருந்த, 1
 விசையின், 1
 பின்னரும், 1
 கலந்த, 1
 மன்னன், 2
 அணிந்து, 4
 ஆரம்பித்த, 1
 கண்ணீர்விட, 1
 காட்டி, 2
 நெஞ்சுடன், 1
 உலகைச்சேர்ந்தவன், 1
 பதற்றத்துடன், 1
 பெறமாட்டான், 1
 மதுவின், 1
 செய்யமாட்டேன் உங்களுக்கு, 1
 அசைந்துகொண்டிருப்பதாகத், 1
 தெரிவித்தனர், 1
 வைதிகர்களும், 1
 வழிந்த, 1
 நடந்துகொண்டிருந்தது, 1
 அதன்பின்னர், 1
 முதற்கீழுலகு, 1
 துணைவியும், 1
 ரணபூமியில், 1
 அல்லவா, 1
 நின்ற, 2
 அவள், 12
 நிலையற்று, 1
 எனும், 1
 அவருடைய, 1
 ஆகி, 2
 பாறைக்கட்டுக்கள், 1
 மனிதர்களுடன், 1
 குருஷேத்ர, 2
 உருவாகிவந்தன, 2
 பகுதியிலும், 1
 கொடு, 1
 கற்களில், 1
 பெருமரம்போல, 1
 ஆனதாக, 1
 நானும், 2
 முக்காலமும், 1
 உத்தரைக்கு, 1
 அரண்மனை, 5
 சித்தமாக, 1
 எண்ணிக்கொண்டிருந்தான், 1
 தந்தையை, 1
 அவரது, 7
 களத்தில்பட்ட, 1
 ஏணிகளில், 1
 குருஷேத்ரமாகியது, 1
 ஐந்தாம்நாள், 1
 மரத்தடிகளிலும், 1
 அதிகாரம், 1
 அவரைக், 1
 அந்தப்பாதையின், 1
 அடையமுயன்றார், 1
 கால்களில், 1
 பெயர்சூட்டி, 1
 மயக்கத்தூபத்தைக், 1
 மைந்தர்களுக்காக, 1
 செய்தியைக், 1
 தாவரங்களும், 1
 வளர்பிறை, 1
 பறப்பவையும், 1
 விஷமுத்தமிட்டான், 1
 தடுத்து, 1
 மூவுலகும், 1
 அறிந்தனர், 1
 என்பதை, 1
 துயில்கையில், 1
 தன்னை, 2
 வேட்டையும், 1
 தப்பவிட்டது, 1
 நகரங்கள், 1
 உங்களைத், 1
 வாழ்த்தொலிகளும், 1
 சுழன்றுவந்தான், 1
 நீலநிறத்தலைப்பாகை, 1
 ஞானத்திற்குக், 1
 அஸ்வத்தாமா, 1
 செய்யவேண்டியது, 1
 அவனே, 1
 கொண்டாள், 1
 அவனுக்குப்பின்னால், 1
 மூப்பை, 1
 ஆடுகளத்திலும், 1
 அந்தப்பாம்பின், 1
 மரவுரி, 1
 உணர்ந்து, 2
 குருநாதரே தங்கள், 1
 கைகளை, 1
 அங்கே, 10
 தளர்ந்த, 1
 அவளுடன், 1
 மேற்கு, 1
 சண்டபார்க்கவரும், 1
 குருஷேத்ரப்போரையே, 1
 உடைந்த, 1
 வந்துசேரும், 1
 இடதுகையால், 1
 அழிவில்லாமல், 1
 கன்னங்கரிய, 2
 கோடானுகோடி, 4
 நீந்தும், 1
 பாதாளமூர்த்திகளுக்கு, 1
 ஐம்பூதங்களும், 1
 நெறிநூல்களின்படி, 1
 முயன்றுகொண்டிருந்தாள், 1
 மலர்ந்தபோது, 1
 நடந்தது, 1
 வல்லமை, 1
 காட்டுக்குள், 1
 பொலியச்செய்வாயாக, 1
 சாளரங்கள், 1
 விதவைகள், 1
 தலையில், 1
 மலர்ச்செவிகளையும், 1
 சூதர்களின், 4
 அழிவுச்சக்தியாகிறது, 1
 கிடந்தது, 3
 காமம், 1
 இறந்து, 1
 தங்கச்செய்தார், 1
 கடைசியாக, 1
 என்னசெய்வதென்று, 1
 தூபங்களும், 1
 அனுப்பப்படவுமில்லை, 1
 மேல், 5
 மடியில், 1
 திறந்து, 1
 எட்டமுடியாத, 1
 தட்சனும், 1
 நில், 1
 சகோதரர்களுடன், 1
 போலி, 1
 கும்பம், 1
 அக்னிதேவன், 1
 குலத்தவர், 1
 நிமித்தம்பார்த்து, 1
 நிறைய, 1
 விழைவு, 2
 கிடப்பதையே, 1
 வேள்விமண்டபத்தில், 1
 அதலமெனும், 1
 இரவுலாவிகளான, 1
 தூங்கிக்கொண்டிருக்கும், 1
 தர்ப்பைப்புல், 1
 விடிந்துவிட்டதைச், 1
 பாதங்களைப்பணிந்து, 1
 பேச்சொலிகளும், 1
 அடைந்த, 1
 ஒவ்வொருவர், 2
 வெளிமடைநோக்கிச், 1
 உக்ரசேனரும், 1
 விரிந்த, 2
 சத்வ, 2
 வட்டவடிவமான, 1
 பின்னர், 2
 இரவெல்லாம், 1
 ரதத்தில், 3
 தன்னந்தனியாக, 1
 விண்ணாளும், 1
 கல்லடுக்கி, 1
 நின்று, 4
 எண்ணமுடியாது, 1
 தீண்டிய, 1
 மீதான, 1
 வாசனை, 1
 தட்ச, 4
 வெண்ணிற, 3
 முனிகுமாரரே, 1
 அசுரகணங்கள், 1
 இளஞ்சூரிய, 1
 நிலைநிறுத்த, 1
 பூச்சிகளே, 1
 பிடித்து, 1
 ஒன்று, 6
 தண்டகாரண்யம், 1
 சொற்களும், 2
 ஓடியது, 1
 பிரக்ஞையால், 1
 செலவிடுகிறேன், 1
 தலைமை, 1
 உடைத்தபோது, 1
 வேள்விச்சாலைக்குச், 1
 சித்தமோ, 1
 அழ, 1
 கங்கைச்சமவெளியில், 1
 இரவுகள், 1
 வாழ்ந்தாள், 1
 ஈச்சையோலைக்கூரை, 1
 பசுங்கன்றின், 1
 அத்தனைக்குப், 1
 முழுமையாகவே, 3
 ஜரத்காருவின், 1
 அழைக்கப்பட்ட, 1
 எளியவர்களுக்கும், 1
 கொண்டுவாருங்கள், 1
 இதழ்க்குவைபோல், 1
 பாதாளங்களும், 1
 உத்தரதேசத்தில், 1
 உலகத்தில், 1
 குடுமியில், 1
 கோட்டைவாசலுக்குள், 1
 வானத்தை, 2
 கால்கள், 1
 நதிகள், 1
 வேதகோஷமிட்டு, 1
 எரிதழல், 1
 கலங்கிய, 1
 பட்டிகள், 1
 அரியவையும், 2
 நிழல்விரித்து, 1
 மாந்தளிர்நிறமான, 1
 கழித்துத்தான், 1
 சொல்கிறது, 1
 யாதவகுலமருத்துவர்கள், 1
 அதில், 1
 உன்னுடைய, 1
 எண்ணியவற்றை, 1
 சிறுகழுத்தையும், 1
 நனைந்த, 1
 வாழும், 3
 தனக்குள், 2
 நடத்திமுடித்தால், 1
 பாடக்கேட்டான், 1
 பாதாளத்திலிருந்தும், 1
 தன்னையே, 1
 இளமைக்கால, 1
 நடந்து, 4
 செல்லாமலிருக்க, 1
 மேற்குக்கும், 1
 உடலைச், 1
 வியாசரை, 6
 இட்டு, 1
 காய்கள்போலத், 1
 கைகளும், 1
 அகலை, 1
 மையக்குடிலில், 1
 பகடையை, 1
 வெறிகிளம்பி, 1
 பல, 1
 பிரம்மசாரி அவர், 1
 மடிமீது, 1
 அழியக்கூடியவை, 1
 மறுநாள், 1
 மீண்டு, 1
 உன், 8
 ஆஸ்திகனை, 2
 வேண்டிய, 1
 நடக்காது , 1
 தடைசெய்யப்பட்டது, 1
 விலக, 1
 கனைத்து, 1
 செய்தேன், 1
 எவரும், 1
 பல்லாயிரம்கோடி, 1
 உணர்ந்த, 1
 சமீகருக்கும், 1
 நான்குமாதம், 1
 மாயத்தில், 1
 நாற்பதுநாட்களுக்குப்பின்பு, 1
 நிழல்களெல்லாம், 1
 முனிவர்களையும், 1
 வேண்டியது, 1
 அணுகியதும், 1
 உருளி, 1
 பிரம்மாண்டமான, 1
 எண்ணுகிறேன், 1
 இறந்தபின், 1
 அஸ்வமேத, 1
 பற்களே, 1
 கஸ்யப, 1
 திரைகளாலும், 1
 இவன், 2
 உடைகளைக், 1
 மரவுரியாடை, 1
 மாபலி, 1
 கண்ணில், 1
 உத்தரநாட்டின், 1
 ரதம், 1
 ஞானி, 1
 மடிப்புகளாகச், 1
 கணக்கிட்டு, 1
 வரவில்லை, 1
 மெத்தைக்குள், 1
 நீலச்செண்பகமலர்கள், 1
 பார்ப்போம் கூப்பிடுங்கள், 1
 முட்டியும், 1
 கைகளைக், 1
 விரல்களில், 1
 செருகிக்கொண்டான், 1
 மனிதர்களும், 1
 தாவித்தாவி, 1
 விசிறி, 1
 ஓடும், 1
 பாடல்கள், 1
 புராணங்கள், 1
 மகாசக்ரவர்த்தி, 1
 மிருகத்தை, 1
 விழுதுகளுக்குள், 1
 வேள்வியால், 1
 முரசுகள், 1
 ஒன்றாகிவிட்டதாக, 1
 கதவை, 1
 சிலரே, 1
 விளையாட்டுப்பாவை, 1
 அவனறியவில்லை, 1
 நாளை, 1
 பட்டியலிடுகின்றன, 1
 கூடாமல், 1
 வரும், 2
 அகன்ற, 1
 பிள்ளைகள் , 1
 விண்ணகங்களும், 1
 இரவொன்றில், 1
 உருவாக்க, 1
 செல்வதற்காக, 1
 அன்னையாகிய, 1
 பணியை, 1
 அவன்கூட, 1
 எல்லாம், 3
 பங்குனி, 1
 ஒருநாழிகைக்கு, 1
 பேசக்கூடாது, 1
 அறிந்துகொள்ளமுடியாதவனின், 1
 முலைச்சுவை, 1
 சட்டென்று, 1
 கடும்சினத்தால், 1
 அவரைத், 1
 கணபதியை, 2
 நாகம்தான், 1
 பற்றிய, 1
 குருகுலத்தோன்றல், 1
 உருவாக்கிக்கொண்டான், 1
 இருகைகளையும், 1
 கம்பளத்தோடு, 1
 கானகப்பாதைகள், 1
 அவற்றின், 1
 அரங்கெங்கும், 1
 ஹோதாக்களால், 1
 மூங்கில்செறிவுக்கு, 1
 தயிர்கொண்டுசென்ற, 1
 புறநகர், 1
 குடியேறி, 1
 இருந்தாள், 1
 தருணத்தை, 1
 கனவுகள், 1
 மகள்களில், 1
 ஆறுமாதத்திலேயே, 1
 அதுமட்டும்தான், 1
 அழியாதது, 1
 இருந்ததில்லை, 1
 அழைக்க, 1
 மனமும், 1
 மகாசர்ப்பசத்ர, 1
 இப்பிரபஞ்சத்தின், 1
 செய்திகேட்டு, 2
 பெருக்கெடுத்து, 1
 மரப்பலகையால், 1
 மூடிய, 1
 துணைப்பந்தல்கள், 1
 பிராமணன், 1
 மறக்க, 1
 காட்டுகிறேன், 1
 யோகசாதனைக்குப்பின்பு, 1
 அப்பால், 2
 குருதியேகூட, 1
 தீப்பற்றி, 1
 மாட்டேன், 1
 சொன்ன, 1
 செய்வதறகான, 1
 துடுக்கு, 1
 குரலெழுப்பினான், 1
 வரலாறு, 1
 அப்படியொரு, 1
 சொன்னான், 6
 அகங்காரமாக, 1
 கண்ணீருடன், 1
 நிறைவுசெய்தவன், 1
 கொடுத்தனர், 1
 வென்றவர், 1
 கருப்பையின், 1
 ஹோதாக்களும், 1
 நிகரானான், 1
 முன்னால், 2
 உத்தங்க, 1
 சொல்லட்டும், 2
 வலையொன்றைக், 1
 வென்றுவிட்டானென்று, 1
 வேள்விச்சாலைக்குக், 1
 ஆனான், 1
 வியப்பளிக்கவில்லை, 1
 காதலுக்கு, 1
 கற்ற, 1
 சத்ரியர்கள், 1
 சிலிர்த்து, 1
 பிரபஞ்சத்தையே, 1
 பொன், 1
 வால்கள், 1
 களைந்து, 1
 குருஷேத்ரப், 1
 முற்றத்தில், 1
 பிதாமகர், 1
 ஆலயமுற்றங்கள், 1
 எங்கள், 1
 தர்மமாகவும், 1
 கட்டைவிரலை, 1
 கிளம்பு, 1
 காலையில், 1
 ஆணையின்படி, 1
 உணர்ந்துகொண்டே, 1
 உள்ளங்களுக்குள், 1
 தெறித்தபின், 1
 சிறுநதியில், 1
 நனைந்தபடி, 1
 காலிடுக்கில், 1
 போழ்ந்து, 1
 அசைவில்லாததுபோலத், 1
 சோழிகளை, 1
 இருமுறை, 1
 எதுவும், 2
 வலக்கையில், 1
 ஒன்றுமில்லை என்னுடன், 1
 அமைந்தவையுமான, 1
 உகந்தபடி, 1
 குருதிச்சொட்டு, 1
 கொண்டவர், 1
 வாழ்க்கையின், 1
 எழுந்த, 2
 காட்டுத்தீயில், 1
 அந்தரீயத்தை, 1
 கேட்காதீர்கள், 2
 தேடியபோது, 1
 ஆன்ம, 1
 என்பதைக், 1
 கேட்டான், 5
 நதிக்கரைக்கு, 1
 யக்ஞ, 1
 விசித்திரங்களும், 1
 மாணவர்களான, 1
 அப்பாலும், 1
 உடல்தொய்ந்து, 1
 சுருதசேனன், 3
 பிரித்தார்அனுஷ்டுப்பு, 1
 பெருமுழவும், 1
 தருணமாகவே, 1
 அறிஞர்களுக்கும், 1
 நுழைவாயில், 1
 முதல்முடிவற்ற, 1
 தாவி, 1
 முன்னாலிருந்த, 1
 விலக்கி, 1
 வேசரவனத்தில், 1
 எங்கோ, 1
 சடைமுடியை, 1
 தலைகளில், 1
 அங்கிருந்த, 2
 ஒன்றே, 2
 சென்ற, 2
 அழுகுரல்கள், 1
 ஏழாம், 2
 ஒவ்வொருகணமும், 1
 இப்புடவி, 1
 குருகுலத்தின், 2
 கைவண்டியில், 1
 சொல்லவிரும்புகிறேன், 1
 தூளிக்குள், 1
 தொட்டுத்தொட்டு, 1
 நாகங்களுடன், 1
 நாகத்திலிருந்து, 1
 நாநூறு, 1
 காற்றிலாடி, 1
 அவச்சொல்லிடுவேன்ரிஷியாகிய, 1
 நாரதசுருதியின், 1
 நிறைவை, 1
 அந்தக், 1
 அந்தமின்னல், 1
 நாகபடம், 1
 திகைப்புடன், 1
 முகர்ந்த, 1
 கடும்சினத்துடன், 1
 ஜரத்காருவில், 1
 பெருமூச்சு, 1
 மும்மூர்த்திகளும், 1
 பார்வை, 1
 கையிலெடுத்து, 1
 தனித்திருக்கையில், 1
 மங்கல, 1
 வருடிக்கொண்டு, 1
 இருந்துகொண்டிருக்கும், 1
 வடதிசையையும், 1
 விறகெடுத்தலும், 1
 ஆடு, 3
 சிந்தனையை, 1
 கோட்டைவாசலை, 1
 யமுனையின், 2
 ஆட்டத்தைப்பற்றிய, 1
 கற்பிக்கப்பட்டிருந்தன, 1
 சொன்னேன், 1
 உள்ளது, 2
 தங்கியிருந்த, 1
 தட்டிகளாலும், 1
 நிறைந்திருப்பதை, 1
 இல்லாத, 2
 நுரைத்த, 1
 பார்த்துக்கொண்டிருந்தன, 1
 உதவியுடன், 1
 தெய்வமாகிய, 1
 வேத, 3
 வந்தார், 3
 நாற்பத்தோராம், 1
 ஏறவிரும்பி, 1
 சிறிது, 1
 மாளிகைகள், 1
 ஆள்கிறார்கள், 1
 எட்டு, 3
 முதற்சொல்லை, 1
 அதற்கு, 1
 ஈன்றாள், 1
 மலர்க்கொத்துக்கள், 1
 உள்ளன, 1
 முழுமைநிலையன்றி, 1
 உதறி, 1
 கால்நிலைக்காதவனானான், 1
 ஏறிக்கொண்டனர், 1
 சுரைக்காய், 1
 கோயில்கொண்டிருப்பவள், 1
 ஓவியப்பரப்பு, 1
 முதல்சொல்லாக, 1
 நீக்கமுடியாதென்று, 1
 வருவதற்கு, 1
 வேள்வித்தீ, 1
 மாமன்னரின், 2
 மனிதர்களின், 1
 கழுகுகளும், 1
 கிருது, 1
 தழலுக்கு, 1
 முயன்று, 1
 முன்னகர்ந்தன, 1
 கருநாகங்களே, 1
 வணக்கம், 1
 அதைப்பார்த்த, 1
 குடும்பத்தவர்கள், 1
 இதோ, 5
 துறவுக்குரிய, 1
 ஒற்றைச்சொல்லில், 1
 நக்கி, 1
 முதலில், 2
 இவையனைத்தும், 1
 சுழித்து, 1
 கல்லாலான, 1
 பெருமுரசு, 1
 விட்டது, 2
 அதன்பின், 2
 அகக்கையில், 1
 செம்மண்குன்று, 1
 செவ்விழிகளும், 1
 நிழலாட்டங்களாக, 1
 புரிந்துகொண்டான், 1
 விதிமுகூர்த்தம்போலும், 1
 உயிருக்கும், 1
 குமரிமுனையில், 1
 ஆதித்யர்களாக, 1
 ஒவ்வொன்றும், 1
 விண்ணகத்தில், 1
 அளிப்பது, 1
 உனக்கென, 1
 தலைமுறைக்காலத்துக்குப்பின், 1
 அழிந்த, 1
 புரிந்துகொள்ளமுடியாது, 1
 போலிருந்த, 1
 அமைக்கப்பட்டது, 1
 பாதங்களை, 2
 மண்ணும், 1
 அறிந்துகொண்டிருந்தது, 1
 வீரியமே, 1
 மந்திரங்கள், 1
 ஜனமேஜயன், 32
 முறுகியபடி, 1
 பதிலுரைத்தார், 1
 ஒருநாளும், 1
 இந்திரனையே, 1
 அறியாமை, 1
 அஸ்தினபுரத்தை, 1
 இளமைப்பருவத்தையும், 1
 அண்ணாந்து, 1
 முத்தமிட்டு, 1
 வைசம்பாயனர், 17
 குலங்களில், 1
 நிறைத்திருக்கும், 2
 அனைவரும், 4
 துப்பியபடி, 1
 அவர்களுக்கு, 2
 மரீசி, 2
 நெற்றியில், 1
 மாமன்னரே, 3
 மண்ணுக்குள், 1
 மேல்குவட்டில், 1
 ஓங்காரமெனப்பிளிறி, 1
 சடைக்கற்றைகள், 1
 பகுதி, 1
 இருளெங்கும், 1
 தளிரிலைகளாலும், 1
 நாகவிரலில், 1
 ஆசியளித்தார், 1
 தூண்களின்மீது, 1
 முழங்கியது, 1
 செய்யப்பட்ட, 1
 நினைவுகூர்ந்தார், 2
 அறிந்த, 1
 வரட்டும் நான், 1
 விதவைக்கோலம், 1
 பித்தளைக்குமிழ்கள், 1
 வானத்திலிருந்து, 1
 கீழ்ப்பகுதியை, 1
 மறைந்ததும், 1
 அரண்மனையில், 2
 குடித்தலைவர், 1
 வண்ணம்பூசப்பட்ட, 1
 சிற்பி, 1
 பாரதவர்ஷமெங்கணும், 1
 தழுவிக்கொண்டு, 1
 புரிந்துகொண்டேன், 1
 இருண்ட, 1
 சுழியாகவோ, 1
 மரணக்கணத்தில், 1
 உனக்கு, 4
 பிளக்க, 1
 இல்லாமல்தான், 1
 சுழித்தோடும், 1
 புண்ணாகி, 1
 காவியஞானி, 1
 சுற்றி, 1
 கொண்டுசெல்லலாம், 1
 மணிகள், 1
 மறக்கமுடிந்தவற்றையெல்லாம், 1
 சாட்சியாக்கி, 1
 பூதயாகம், 1
 பேசுவதற்குள், 1
 ஒளியில், 1
 அவிப்பொருட்களை, 1
 மனம்சோர்ந்து, 1
 குண்டலங்களிலும், 1
 எவருமில்லை, 1
 வேந்தர், 1
 காட்டுக்குச், 1
 வென்றுவிட்டேன், 1
 தனியாக, 1
 முழுமையிலிருந்து, 1
 சுருதசேனனிடம், 1
 மணம்புரிந்துகொண்டார், 1
 ஈடுபட்டிருப்பதாக, 1
 தொடங்குக, 1
 நைஷ்டிக, 1
 தெரிந்தன, 1
 நாகங்களை, 2
 ஒற்றைமாட்டுவண்டியில், 1
 நடக்கும், 1
 வைதிகர்களையும், 1
 பதின்மூன்றாவது, 2
 புரிந்துகொள்வார்கள் , 1
 வேட்டைக்காக, 1
 வழிகாட்டவேண்டும், 1
 வேள்வியின், 1
 மைந்தனும், 1
 என்றெல்லாம், 1
 நாய்க்குட்டியைக், 1
 முழக்கி, 1
 வாழ்த்தியது, 1
 இருள்போல, 1
 மறைந்தனர், 1
 சமித்துகளை, 1
 வியாசவனம், 2
 ஆனகன், 2
 கார்மிகர்கள், 1
 குவியல்களைக், 1
 இல்லையே, 1
 இரும்புப்பட்டைகள், 1
 பொன்னிறமாக, 1
 சொல்லிக்கொண்டது, 1
 நிறைத்துவைத்து, 1
 சந்தத்தில், 1
 ஒவ்வொன்றுக்குள்ளும், 1
 மறைந்தன, 1
 அறிவுத்திறன், 1
 விட்டுச், 1
 பிறப்புவீரியமே, 1
 இணைந்து, 2
 வந்திருப்பதாக, 1
 அன்றைய, 1
 போரே, 1
 அடியில், 1
 தீமையல்ல, 1
 உருவாக்கப்பட்ட, 1
 முடிவெடுத்தனர், 1
 வாழ்ந்தார், 2
 விதியாகக், 1
 கல்படம், 1
 யோகத்திலமர்ந்தபோது, 1
 கவிஜாதனை, 3
 ஒளிமிக்க, 2
 கண்ட, 2
 கன்னங்கள், 1
 மைந்தர்களான, 1
 ஏற்றிவைத்தனர், 1
 திரும்பிப்பார்த்தபோது, 1
 மணிமுடி, 1
 தம்பி, 1
 பரீட்சித், 16
 சொல்லிவிட்டுச், 1
 வரவழைத்து, 1
 உருவாகி, 1
 முனிவரை, 3
 விரிந்திருந்த, 1
 மூதாதையரின், 1
 சபைக்குச், 1
 சரிதான், 1
 செய்ய, 1
 நர்மதையும், 1
 கொடுத்தார், 1
 பட்டுமணல், 1
 மானுடக்குருதி, 1
 என்றே, 1
 வந்தவன், 1
 மலர்களையும், 1
 திரும்பிச்சென்றார், 1
 பகையானை, 1
 உடைவாளை, 1
 எதிரே, 1
 வரவழையுங்கள், 1
 ஆகுதிகளை, 1
 செத்து, 1
 ஆயிரத்தி, 1
 அவனை, 7
 சரிகை, 1
 குணங்களும், 1
 குத்த, 1
 நோக்கித், 1
 அசைவே, 1
 விபீஷணன், 1
 தர்ப்பையை, 3
 இருட்டை தீமையை, 1
 குறுங்காடு, 1
 கண்டுபிடித்தனர், 1
 மீன்மணம், 1
 முடிவுக்கு, 1
 பலாசவிறகையும், 1
 அவற்றையெல்லாம், 1
 பாதாளத்தை, 1
 வயதில், 2
 அத்திமரக்கிளையில், 1
 அனைவரையும், 1
 போலிருந்தது, 2
 தாய்மீனின், 1
 வேள்விக்குளம், 1
 நீருமாக, 1
 , 1
 உயிருடனிருக்கிறதா, 1
 இரண்டாகப், 1
 ஆலமரத்தின், 1
 வேள்விக்காணிக்கை, 1
 வேள்விப்புகையின், 1
 இங்கு, 1
 சமீகரின், 2
 தர்ப்பையும், 1
 இழுக்கும், 1
 அவிஸாக, 1
 சேர்த்தார், 1
 நிரப்புபவையாகத், 1
 புழுக்களைப்போல, 1
 மன்னனும், 1
 இன்னமும், 1
 இருந்தாலும், 1
 நாகர்குலத்தவர், 1
 உணர்ந்தனர், 1
 அரசமரத்தடியில், 1
 கண்டேன், 1
 சேர்த்தார்அதற்காக, 1
 அணிந்த, 6
 உருவாகிவந்த, 1
 குன்றாமல், 1
 அந்தவேள்வியை, 1
 சின்னத்தைத், 1
 துழாவியும், 1
 அங்கீகரித்துவிட்டான், 1
 அரியணையில், 1
 ஒருத்தியின், 1
 தட்சனை, 1
 நீங்கள்தான், 1
 அவளுடைய, 4
 உண்ணும், 1
 கண்டுகொண்டான், 1
 கேட்டுக்கொண்டார், 1
 நாய்களின், 1
 பசும்புற்கள், 1
 கலக்கும், 1
 நெய்யும், 2
 அமைதியாக, 2
 மூதாதையர், 2
 கருமைகொள்ளும்படி, 1
 நீண்டு, 1
 கரங்களை, 1
 கண்ணிழந்த, 1
 சினம்கொண்டு, 1
 கபில, 1
 கேட்டார், 1
 அவனைப்போன்றே, 1
 செல்லவேண்டும், 1
 சொல்ல, 3
 கோரிப்பெற்றேன், 1
 உரக்கக், 1
 ஒன்றைச்சேர்ந்த, 1
 வழியில்லை, 2
 வருவது, 1
 மீண்டும், 3
 அதைத்துறந்து, 1
 சரிவுகளிலும், 1
 ரிஷியின், 1
 நெய், 1
 வைக்கிறேன், 1
 காட்சியொன்றைக், 1
 பருவடிவங்கள், 1
 துதிக்கை, 1
 மறையும், 1
 பாரதத்தின், 1
 என, 8
 கனவுருத்தோற்றம், 1
 அஸ்தினபுரிக்கு, 2
 இலையடர்வு, 1
 ஒவ்வொன்றாக, 1
 அப்பகுதியில், 1
 குருஷேத்ரங்கள், 1
 அள்ளிக், 1
 இருட்டும், 1
 பொழிந்துகிடந்த, 1
 கணகணத்து, 1
 அடையாளம், 1
 வீசி, 1
 தூக்கிக்கொண்டு, 1
 துவண்டு, 1
 சமித்துகளும், 1
 நடப்பட்டிருக்கும், 1
 காவியத்தை, 1
 ஏறும், 1
 தன்னைத்தானே, 1
 மேலும், 1
 பாதாளமூர்த்திகளான, 1
 பாதங்களில், 1
 கொடை, 1
 மண்நிறமான, 1
 நன்றாக, 1
 இரையானான், 1
 நிலையழிந்தவனாக, 1
 மனைவிகளிலிருந்துதான், 1
 அரண்மனைமுகடு, 1
 அமரமுடியாது, 1
 வேள்விச்சடங்குகள், 1
 நெளியும், 1
 மிச்சமில்லாமல், 1
 வேள்விக்குதிரையாக, 1
 அமைதியில், 1
 ஒருமுறைகூட, 1
 சூததேவரும், 1
 ஐந்துபேர், 1
 வளர்த்தனர், 1
 வந்த, 3
 விளையாடின, 1
 நன்மைக்காகவே, 1
 சின்னஞ்சிறு, 2
 சின்னம், 2
 அதலத்தில், 1
 உதடுகளில், 1
 சொட்டவேண்டிய, 1
 உங்கள், 5
 அங்கு, 1
 எழுந்தாடிக்கொண்டிருந்தது, 1
 முடிக்காமல், 1
 வரை, 1
 வலையில், 1
 நில்லுங்கள் , 1
 அடர்கானகத்தில், 1
 கொண்டிருந்தார், 2
 அலைந்தான், 1
 தோள்களை, 1
 குலகுருவான, 2
 கவனித்தபடி, 1
 நாகர்குலத்தின், 1
 குறுகிய, 1
 ஒலிக்கேற்ப, 1
 அருவியொலிபோல, 1
 துரோகம், 1
 அறிந்துகொண்ட, 1
 கவனிக்கும்படி, 1
 பசியுடன், 1
 மரத்தடிகளை, 1
 அவர்மேல், 1
 ஆணையிட்டான், 1
 பாறையுச்சியில், 1
 பூர்ணாகுதி, 1
 இதைத்தான், 1
 அரசநாகம், 1
 வேறெந்த, 1
 கொண்டுவருவோம், 1
 திரும்பிவிட்டான், 1
 கதைப்பாடல்கள், 1
 அதைத்தொடர்ந்து, 1
 வழித்தோன்றல்களும், 1
 பிறக்கும்போது, 1
 திரும்பப்பெற, 1
 பாம்பை, 1
 அதற்காகவே, 1
 செறிந்திருந்தன, 1
 அன்னையின், 2
 நெருப்பை, 2
 உன்னால், 1
 அவியாக்கினர், 1
 சொல்லப்படவேயில்லை, 1
 வந்ததே, 1
 முதலியற்கை, 1
 ஒலி, 1
 கவ்வி, 1
 கிடைக்கவில்லையென்றால், 1
 முதன்மையாக்கி, 1
 கஸ்யபனும், 1
 கட்டைவிரலில், 1
 அமர்ந்த, 1
 பின்னால், 1
 காளான், 1
 ஊகித்து, 1
 இதைச், 1
 ஊடுருவிச்செல்கிறது, 1
 ஷத்ரியர், 1
 நாளையே, 1
 விம்மும், 1
 சமரன், 1
 துழாவுகையில், 1
 நெய்யையும், 1
 இச்சையே, 2
 ஊன்றிவிட்டேன், 1
 கட்டுவதைக், 1
 வந்தேன், 1
 அறுவருடன், 1
 அக்கணத்தில், 1
 தாலிச்சின்னம்போல, 1
 நாகவம்சம், 1
 செந்நெருப்புத்தழலாட, 1
 அப்படியேதான், 1
 வெண்மையாகவும், 1
 விந்துக்களின், 1
 தொடக்கத்தில், 1
 பெருந்தவத்தாளான, 1
 ஆதிஇச்சைகளின், 1
 மட்டும், 3
 சிம்மாசனத்தின், 1
 தட்சனுக்கும், 1
 அவமதித்தான், 1
 முடிக்கமுடியாது, 2
 கருகி, 1
 கருநீல, 1
 ஒருவன், 1
 இருப்பாய், 1
 குருநாதரே, 5
 மண்ணில், 6
 அறிந்திருந்த, 1
 காட்டுமலர்களையும், 1
 ஓங்காரமே, 1
 பூதயாகத்திற்கென, 1
 எடுத்து, 2
 ஆனால், 4
 அதற்கான, 1
 தலைமுறைக்காலத்துக்கு, 1
 பிரம்மம், 1
 என்றும், 2
 மழைநீர், 1
 உலகில், 1
 கவ்வப்பட்டு, 1
 படைவளையத்தில், 1
 மிடுக்குடன், 1
 யார், 2
 மங்கலஅரிசியும், 1
 நான், 18
 ஓசையே, 1
 நிறைந்திருந்தனர், 1
 கைநீட்டித்தடுத்து, 1
 நெறிகளும், 1
 குறுக்கிக்கொண்டு, 1
 மைந்தனான, 1
 நினைத்தீர்கள், 1
 கெஞ்சினார், 1
 வைத்தபடி, 1
 அழிக்கவேண்டும், 1
 சேவகன், 2
 வரிகளை, 1
 என்னில், 2
 பதினாறு, 1
 கண்மூடி, 1
 மிஞ்சினாலே, 1
 செம்மணிகள், 1
 திசைமுனைகளில், 1
 கோட்டைக்கு, 1
 நிறுத்துவதற்காகவே, 1
 வருணனே, 2
 எழும், 1
 காத்திருந்தான், 1
 கூச்சலிட்டு, 1
 தேர்வுசெய்யலாம், 1
 உருவானவை, 1
 அதைக்கண்டடைந்தனர், 1
 ஆரவாரம், 1
 சினத்தால், 1
 இந்திரனை, 2
 கேட்டேன், 1
 தருணத்தில், 2
 நாட்களுக்குப்பின், 1
 புலஸ்தியன், 1
 இலைகளும், 3
 தட்சனைஎங்கே, 1
 ஆடு உன், 1
 காதம், 1
 நோன்பின், 1
 பெற்றிட்டது, 1
 அஸிக்னியோ, 1
 வேள்விச்சாலைக்குள், 1
 பிழை, 1
 உதித்து, 1
 சிறுவர்களாக, 1
 வெறும், 1
 அத்தனை, 3
 சூத்திரர், 1
 விடைபெற்றுச்சென்ற, 1
 அனுமதி, 1
 கிருபர், 1
 குடில்களையும், 1
 சொல்லவில்லை ஆஸ்திகரே, 1
 வாதிட்டதாகவும், 1
 நிறைத்திருந்தன, 1
 திருவிழா, 1
 நீடித்து, 1
 மின்னலிறங்குவதுபோல, 1
 பிரஜாபதிக்கு, 2
 அந்தக்கதையைச், 1
 அன்றே, 1
 தொடர்ந்துகொண்டிருந்தன, 1
 ஆடைகளையும், 1
 ஏற்றுக்கொண்டதுபோல, 1
 தலைமுறைக்காலமாக, 1
 இறங்கி, 3
 குளத்தின், 1
 ஆகவே, 2
 பார்த்தாள், 1
 சேதி, 1
 ஆலமரம்போல, 1
 நீந்தி, 1
 புரோகிதர்கள், 1
 மடிப்புகளுக்குள், 1
 நாங்கள், 3
 அறமென்றால், 1
 நிறைத்தன, 1
 வேள்வியை, 3
 வானிலிருந்து, 1
 அரசு, 1
 நிற்பவன், 1
 முதல்முறைமையாகக், 1
 வபுஷ்டையுடன், 1
 ஆனது, 1
 தத்தளித்தது, 1
 ஆற்றலிருந்தால், 1
 சுண்ணம்சேர்த்துக்கட்டிய, 1
 தாய்வழி, 1
 நகரத்தெருக்கள், 1
 வருந்துவதற்கேதுமில்லை, 1
 வினவினான், 1
 ஊரிலும், 1
 வந்தாள், 1
 எவருமே, 1
 மனிதன், 1
 கருகல்முனைகளுக்குள், 1
 இலக்காகக், 1
 ஓம், 3
 கூடைகளில், 1
 பாஞ்சாலத்துக்கு, 1
 மூன்றுகடல்களைக், 1
 மாவீரன், 1
 சிக்கி, 2
 உருவானார்கள், 1
 தேடிய, 1
 நிறுவி, 2
 ஆசிரியரின், 1
 மகன், 2
 ஹஸ்தியால், 1
 ஹோதாக்கள், 1
 சரிவதையே, 1
 அச்சொல்லே, 1
 வாயால், 1
 கட்டத்தில், 1
 வடித்தபடி, 1
 பகுக்கப்பட்டிருந்தது, 1
 பெண்கள் , 1
 போலும், 1
 செரித்துக்கொண்டிருப்பதன், 1
 வென்றாலும், 1
 பந்தலின், 1
 இளமழை, 1
 ஒடிந்து, 1
 கரும்பனையின், 1
 காவலனாக, 1
 தாண்டியதுமே, 1
 சூழ்ந்துகொண்டாய், 1
 போர்க்களத்தில், 1
 ஒரு, 15
 எழுந்தன, 2
 முடியவில்லை, 1
 உயிருள்ள, 2
 உணர, 1
 அனைத்துலகங்களையும், 1
 சேர்த்துக்கொண்டு, 1
 கங்கணங்களிலும், 1
 அகங்காரத்தில், 1
 குலத்தில், 1
 புரியாதவை, 1
 முதல்நாகத்தின், 1
 என்பதனால், 1
 உள்ள, 1
 எவருமறிந்திருக்கவில்லை, 1
 சொல்கிறீர்கள், 1
 சொட்டிய, 1
 நோக்கத்தையும், 1
 காட்டாறுகள், 1
 காட்டுக்குச்சென்ற, 1
 வெயிலும், 1
 உதிரம், 1
 புகுந்து, 1
 செய்த, 1
 உறைந்து, 1
 இருந்தான், 1
 அவருக்கான, 1
 ஐந்தும், 1
 கண்ணீர்த்துளிகள்போல, 1
 இளைஞர், 1
 தூவினார்கள், 1
 தஞ்சம்புகுந்தான், 1
 இருவர், 1
 மதுவும், 1
 கிடக்கும், 1
 நாக்கு, 1
 வியாசவனத்தின், 1
 முற்றிலும், 2
 மென்மணல், 1
 இருபது, 1
 நிகழ்வதில்லை, 1
 முடித்துக்கொண்டு, 1
 மனிதர்களிடம், 1
 குரங்கு, 1
 என்கடமை, 1
 அதைச்சுற்றி, 1
 காலடிகளுடன், 1
 முத்தாகி, 1
 எனக்களித்த, 1
 குரோதத்தையும், 1
 பாதாளத்திலுமிருந்தது, 1